Workbook
Name scopus__6: 'BASE DE DATOS SCOPUS'!$B$4:$M$19

Sheet BASE DE DATOS SCOPUS
B2: Autores | C2: Título | D2: Año | E2: Revista | F2: Resumen en 2 palabras | G2: Palabras clave | H2: Editorial/Publicación | I2: Idioma | J2: Tipo de documento | K2: DOI (acostumbra a mantenerse igual) | L2: Ciudad de publicación | M2: País de estudio | Q2: TIPO SCOPUS/WOS
B3: Authors | C3: Title | D3: Year | E3: Source title | F3: Abstract | G3: Author Keywords | H3: Publisher | I3: Language of Original Document | J3: Document Type | K3: DOI | L3: Correspondence Address | M3: Country of study | Q3: TIPO SCOPUS/WOS
B4: Authors | C4: Title | D4: Year | E4: Journal | F4: Abstract | G4: Keywords | H4: Publisher/Editorial | I4: Language | J4: Document Type | K4: DOI | L4: City of publication | M4: Country of study | Q4: TIPO SCOPUS/WOS
A5: 2 | B5: =+HLOOKUP(B$3,'PEGAR DATOS'!A:AT,$A5,0) -> #N/A | C5: =+HLOOKUP(C$3,'PEGAR DATOS'!B:AU,$A5,0) -> #N/A | D5: =+HLOOKUP(D$3,'PEGAR DATOS'!C:AV,$A5,0) -> #N/A | E5: =+HLOOKUP(E$3,'PEGAR DATOS'!D:AW,$A5,0) -> #N/A | F5: =+HLOOKUP(F$3,'PEGAR DATOS'!E:AX,$A5,0) -> #N/A | G5: =+HLOOKUP(G$3,'PEGAR DATOS'!F:AY,$A5,0) -> #N/A | H5: =+HLOOKUP(H$3,'PEGAR DATOS'!G:AZ,$A5,0) -> #N/A | I5: =+HLOOKUP(I$3,'PEGAR DATOS'!H:BA,$A5,0) -> #N/A | J5: =+HLOOKUP(J$3,'PEGAR DATOS'!I:BB,$A5,0) -> #N/A | K5: =+HLOOKUP(K$3,'PEGAR DATOS'!J:BC,$A5,0) -> #N/A | L5: =+HLOOKUP(L$3,'PEGAR DATOS'!$1:$450,$A5,0) -> #N/A
A6: 3 | B6: =+HLOOKUP(B$3,'PEGAR DATOS'!A:AT,$A6,0) -> #N/A | C6: =+HLOOKUP(C$3,'PEGAR DATOS'!B:AU,$A6,0) -> #N/A | D6: =+HLOOKUP(D$3,'PEGAR DATOS'!C:AV,$A6,0) -> #N/A | E6: =+HLOOKUP(E$3,'PEGAR DATOS'!D:AW,$A6,0) -> #N/A | F6: =+HLOOKUP(F$3,'PEGAR DATOS'!E:AX,$A6,0) -> #N/A | G6: =+HLOOKUP(G$3,'PEGAR DATOS'!F:AY,$A6,0) -> #N/A | H6: =+HLOOKUP(H$3,'PEGAR DATOS'!G:AZ,$A6,0) -> #N/A | I6: =+HLOOKUP(I$3,'PEGAR DATOS'!H:BA,$A6,0) -> #N/A | J6: =+HLOOKUP(J$3,'PEGAR DATOS'!I:BB,$A6,0) -> #N/A | K6: =+HLOOKUP(K$3,'PEGAR DATOS'!J:BC,$A6,0) -> #N/A | L6: =+HLOOKUP(L$3,'PEGAR DATOS'!$1:$450,$A6,0) -> #N/A
A7: 4 | B7: =+HLOOKUP(B$3,'PEGAR DATOS'!A:AT,$A7,0) -> #N/A | C7: =+HLOOKUP(C$3,'PEGAR DATOS'!B:AU,$A7,0) -> #N/A | D7: =+HLOOKUP(D$3,'PEGAR DATOS'!C:AV,$A7,0) -> #N/A | E7: =+HLOOKUP(E$3,'PEGAR DATOS'!D:AW,$A7,0) -> #N/A | F7: =+HLOOKUP(F$3,'PEGAR DATOS'!E:AX,$A7,0) -> #N/A | G7: =+HLOOKUP(G$3,'PEGAR DATOS'!F:AY,$A7,0) -> #N/A | H7: =+HLOOKUP(H$3,'PEGAR DATOS'!G:AZ,$A7,0) -> #N/A | I7: =+HLOOKUP(I$3,'PEGAR DATOS'!H:BA,$A7,0) -> #N/A | J7: =+HLOOKUP(J$3,'PEGAR DATOS'!I:BB,$A7,0) -> #N/A | K7: =+HLOOKUP(K$3,'PEGAR DATOS'!J:BC,$A7,0) -> #N/A | L7: =+HLOOKUP(L$3,'PEGAR DATOS'!$1:$450,$A7,0) -> #N/A
A8: 5 | B8: =+HLOOKUP(B$3,'PEGAR DATOS'!A:AT,$A8,0) -> #N/A | C8: =+HLOOKUP(C$3,'PEGAR DATOS'!B:AU,$A8,0) -> #N/A | D8: =+HLOOKUP(D$3,'PEGAR DATOS'!C:AV,$A8,0) -> #N/A | E8: =+HLOOKUP(E$3,'PEGAR DATOS'!D:AW,$A8,0) -> #N/A | F8: =+HLOOKUP(F$3,'PEGAR DATOS'!E:AX,$A8,0) -> #N/A | G8: =+HLOOKUP(G$3,'PEGAR DATOS'!F:AY,$A8,0) -> #N/A | H8: =+HLOOKUP(H$3,'PEGAR DATOS'!G:AZ,$A8,0) -> #N/A | I8: =+HLOOKUP(I$3,'PEGAR DATOS'!H:BA,$A8,0) -> #N/A | J8: =+HLOOKUP(J$3,'PEGAR DATOS'!I:BB,$A8,0) -> #N/A | K8: =+HLOOKUP(K$3,'PEGAR DATOS'!J:BC,$A8,0) -> #N/A | L8: =+HLOOKUP(L$3,'PEGAR DATOS'!$1:$450,$A8,0) -> #N/A
A9: 6 | B9: =+HLOOKUP(B$3,'PEGAR DATOS'!A:AT,$A9,0) -> #N/A | C9: =+HLOOKUP(C$3,'PEGAR DATOS'!B:AU,$A9,0) -> #N/A | D9: =+HLOOKUP(D$3,'PEGAR DATOS'!C:AV,$A9,0) -> #N/A | E9: =+HLOOKUP(E$3,'PEGAR DATOS'!D:AW,$A9,0) -> #N/A | F9: =+HLOOKUP(F$3,'PEGAR DATOS'!E:AX,$A9,0) -> #N/A | G9: =+HLOOKUP(G$3,'PEGAR DATOS'!F:AY,$A9,0) -> #N/A | H9: =+HLOOKUP(H$3,'PEGAR DATOS'!G:AZ,$A9,0) -> #N/A | I9: =+HLOOKUP(I$3,'PEGAR DATOS'!H:BA,$A9,0) -> #N/A | J9: =+HLOOKUP(J$3,'PEGAR DATOS'!I:BB,$A9,0) -> #N/A | K9: =+HLOOKUP(K$3,'PEGAR DATOS'!J:BC,$A9,0) -> #N/A | L9: =+HLOOKUP(L$3,'PEGAR DATOS'!$1:$450,$A9,0) -> #N/A
A10: 7 | B10: =+HLOOKUP(B$3,'PEGAR DATOS'!A:AT,$A10,0) -> #N/A | C10: =+HLOOKUP(C$3,'PEGAR DATOS'!B:AU,$A10,0) -> #N/A | D10: =+HLOOKUP(D$3,'PEGAR DATOS'!C:AV,$A10,0) -> #N/A | E10: =+HLOOKUP(E$3,'PEGAR DATOS'!D:AW,$A10,0) -> #N/A | F10: =+HLOOKUP(F$3,'PEGAR DATOS'!E:AX,$A10,0) -> #N/A | G10: =+HLOOKUP(G$3,'PEGAR DATOS'!F:AY,$A10,0) -> #N/A | H10: =+HLOOKUP(H$3,'PEGAR DATOS'!G:AZ,$A10,0) -> #N/A | I10: =+HLOOKUP(I$3,'PEGAR DATOS'!H:BA,$A10,0) -> #N/A | J10: =+HLOOKUP(J$3,'PEGAR DATOS'!I:BB,$A10,0) -> #N/A | K10: =+HLOOKUP(K$3,'PEGAR DATOS'!J:BC,$A10,0) -> #N/A | L10: =+HLOOKUP(L$3,'PEGAR DATOS'!$1:$450,$A10,0) -> #N/A
A11: 8 | B11: =+HLOOKUP(B$3,'PEGAR DATOS'!A:AT,$A11,0) -> #N/A | C11: =+HLOOKUP(C$3,'PEGAR DATOS'!B:AU,$A11,0) -> #N/A | D11: =+HLOOKUP(D$3,'PEGAR DATOS'!C:AV,$A11,0) -> #N/A | E11: =+HLOOKUP(E$3,'PEGAR DATOS'!D:AW,$A11,0) -> #N/A | F11: =+HLOOKUP(F$3,'PEGAR DATOS'!E:AX,$A11,0) -> #N/A | G11: =+HLOOKUP(G$3,'PEGAR DATOS'!F:AY,$A11,0) -> #N/A | H11: =+HLOOKUP(H$3,'PEGAR DATOS'!G:AZ,$A11,0) -> #N/A | I11: =+HLOOKUP(I$3,'PEGAR DATOS'!H:BA,$A11,0) -> #N/A | J11: =+HLOOKUP(J$3,'PEGAR DATOS'!I:BB,$A11,0) -> #N/A | K11: =+HLOOKUP(K$3,'PEGAR DATOS'!J:BC,$A11,0) -> #N/A | L11: =+HLOOKUP(L$3,'PEGAR DATOS'!$1:$450,$A11,0) -> #N/A
A12: 9 | B12: =+HLOOKUP(B$3,'PEGAR DATOS'!A:AT,$A12,0) -> #N/A | C12: =+HLOOKUP(C$3,'PEGAR DATOS'!B:AU,$A12,0) -> #N/A | D12: =+HLOOKUP(D$3,'PEGAR DATOS'!C:AV,$A12,0) -> #N/A | E12: =+HLOOKUP(E$3,'PEGAR DATOS'!D:AW,$A12,0) -> #N/A | F12: =+HLOOKUP(F$3,'PEGAR DATOS'!E:AX,$A12,0) -> #N/A | G12: =+HLOOKUP(G$3,'PEGAR DATOS'!F:AY,$A12,0) -> #N/A | H12: =+HLOOKUP(H$3,'PEGAR DATOS'!G:AZ,$A12,0) -> #N/A | I12: =+HLOOKUP(I$3,'PEGAR DATOS'!H:BA,$A12,0) -> #N/A | J12: =+HLOOKUP(J$3,'PEGAR DATOS'!I:BB,$A12,0) -> #N/A | K12: =+HLOOKUP(K$3,'PEGAR DATOS'!J:BC,$A12,0) -> #N/A | L12: =+HLOOKUP(L$3,'PEGAR DATOS'!$1:$450,$A12,0) -> #N/A
A13: 10 | B13: =+HLOOKUP(B$3,'PEGAR DATOS'!A:AT,$A13,0) -> #N/A | C13: =+HLOOKUP(C$3,'PEGAR DATOS'!B:AU,$A13,0) -> #N/A | D13: =+HLOOKUP(D$3,'PEGAR DATOS'!C:AV,$A13,0) -> #N/A | E13: =+HLOOKUP(E$3,'PEGAR DATOS'!D:AW,$A13,0) -> #N/A | F13: =+HLOOKUP(F$3,'PEGAR DATOS'!E:AX,$A13,0) -> #N/A | G13: =+HLOOKUP(G$3,'PEGAR DATOS'!F:AY,$A13,0) -> #N/A | H13: =+HLOOKUP(H$3,'PEGAR DATOS'!G:AZ,$A13,0) -> #N/A | I13: =+HLOOKUP(I$3,'PEGAR DATOS'!H:BA,$A13,0) -> #N/A | J13: =+HLOOKUP(J$3,'PEGAR DATOS'!I:BB,$A13,0) -> #N/A | K13: =+HLOOKUP(K$3,'PEGAR DATOS'!J:BC,$A13,0) -> #N/A | L13: =+HLOOKUP(L$3,'PEGAR DATOS'!$1:$450,$A13,0) -> #N/A
A14: 11 | B14: =+HLOOKUP(B$3,'PEGAR DATOS'!A:AT,$A14,0) -> #N/A | C14: =+HLOOKUP(C$3,'PEGAR DATOS'!B:AU,$A14,0) -> #N/A | D14: =+HLOOKUP(D$3,'PEGAR DATOS'!C:AV,$A14,0) -> #N/A | E14: =+HLOOKUP(E$3,'PEGAR DATOS'!D:AW,$A14,0) -> #N/A | F14: =+HLOOKUP(F$3,'PEGAR DATOS'!E:AX,$A14,0) -> #N/A | G14: =+HLOOKUP(G$3,'PEGAR DATOS'!F:AY,$A14,0) -> #N/A | H14: =+HLOOKUP(H$3,'PEGAR DATOS'!G:AZ,$A14,0) -> #N/A | I14: =+HLOOKUP(I$3,'PEGAR DATOS'!H:BA,$A14,0) -> #N/A | J14: =+HLOOKUP(J$3,'PEGAR DATOS'!I:BB,$A14,0) -> #N/A | K14: =+HLOOKUP(K$3,'PEGAR DATOS'!J:BC,$A14,0) -> #N/A | L14: =+HLOOKUP(L$3,'PEGAR DATOS'!$1:$450,$A14,0) -> #N/A
A15: 12 | B15: =+HLOOKUP(B$3,'PEGAR DATOS'!A:AT,$A15,0) -> #N/A | C15: =+HLOOKUP(C$3,'PEGAR DATOS'!B:AU,$A15,0) -> #N/A | D15: =+HLOOKUP(D$3,'PEGAR DATOS'!C:AV,$A15,0) -> #N/A | E15: =+HLOOKUP(E$3,'PEGAR DATOS'!D:AW,$A15,0) -> #N/A | F15: =+HLOOKUP(F$3,'PEGAR DATOS'!E:AX,$A15,0) -> #N/A | G15: =+HLOOKUP(G$3,'PEGAR DATOS'!F:AY,$A15,0) -> #N/A | H15: =+HLOOKUP(H$3,'PEGAR DATOS'!G:AZ,$A15,0) -> #N/A | I15: =+HLOOKUP(I$3,'PEGAR DATOS'!H:BA,$A15,0) -> #N/A | J15: =+HLOOKUP(J$3,'PEGAR DATOS'!I:BB,$A15,0) -> #N/A | K15: =+HLOOKUP(K$3,'PEGAR DATOS'!J:BC,$A15,0) -> #N/A | L15: =+HLOOKUP(L$3,'PEGAR DATOS'!$1:$450,$A15,0) -> #N/A
A16: 13 | B16: =+HLOOKUP(B$3,'PEGAR DATOS'!A:AT,$A16,0) -> #N/A | C16: =+HLOOKUP(C$3,'PEGAR DATOS'!B:AU,$A16,0) -> #N/A | D16: =+HLOOKUP(D$3,'PEGAR DATOS'!C:AV,$A16,0) -> #N/A | E16: =+HLOOKUP(E$3,'PEGAR DATOS'!D:AW,$A16,0) -> #N/A | F16: =+HLOOKUP(F$3,'PEGAR DATOS'!E:AX,$A16,0) -> #N/A | G16: =+HLOOKUP(G$3,'PEGAR DATOS'!F:AY,$A16,0) -> #N/A | H16: =+HLOOKUP(H$3,'PEGAR DATOS'!G:AZ,$A16,0) -> #N/A | I16: =+HLOOKUP(I$3,'PEGAR DATOS'!H:BA,$A16,0) -> #N/A | J16: =+HLOOKUP(J$3,'PEGAR DATOS'!I:BB,$A16,0) -> #N/A | K16: =+HLOOKUP(K$3,'PEGAR DATOS'!J:BC,$A16,0) -> #N/A | L16: =+HLOOKUP(L$3,'PEGAR DATOS'!$1:$450,$A16,0) -> #N/A
... A405: 402 | B405: =+HLOOKUP(B$3,'PEGAR DATOS'!A:AT,$A405,0) -> #N/A | C405: =+HLOOKUP(C$3,'PEGAR DATOS'!B:AU,$A405,0) -> #N/A | D405: =+HLOOKUP(D$3,'PEGAR DATOS'!C:AV,$A405,0) -> #N/A | E405: =+HLOOKUP(E$3,'PEGAR DATOS'!D:AW,$A405,0) -> #N/A | F405: =+HLOOKUP(F$3,'PEGAR DATOS'!E:AX,$A405,0) -> #N/A | G405: =+HLOOKUP(G$3,'PEGAR DATOS'!F:AY,$A405,0) -> #N/A | H405: =+HLOOKUP(H$3,'PEGAR DATOS'!G:AZ,$A405,0) -> #N/A | I405: =+HLOOKUP(I$3,'PEGAR DATOS'!H:BA,$A405,0) -> #N/A | J405: =+HLOOKUP(J$3,'PEGAR DATOS'!I:BB,$A405,0) -> #N/A | K405: =+HLOOKUP(K$3,'PEGAR DATOS'!J:BC,$A405,0) -> #N/A | L405: =+HLOOKUP(L$3,'PEGAR DATOS'!$1:$450,$A405,0) -> #N/A
A406: 403 | B406: =+HLOOKUP(B$3,'PEGAR DATOS'!A:AT,$A406,0) -> #N/A | C406: =+HLOOKUP(C$3,'PEGAR DATOS'!B:AU,$A406,0) -> #N/A | D406: =+HLOOKUP(D$3,'PEGAR DATOS'!C:AV,$A406,0) -> #N/A | E406: =+HLOOKUP(E$3,'PEGAR DATOS'!D:AW,$A406,0) -> #N/A | F406: =+HLOOKUP(F$3,'PEGAR DATOS'!E:AX,$A406,0) -> #N/A | G406: =+HLOOKUP(G$3,'PEGAR DATOS'!F:AY,$A406,0) -> #N/A | H406: =+HLOOKUP(H$3,'PEGAR DATOS'!G:AZ,$A406,0) -> #N/A | I406: =+HLOOKUP(I$3,'PEGAR DATOS'!H:BA,$A406,0) -> #N/A | J406: =+HLOOKUP(J$3,'PEGAR DATOS'!I:BB,$A406,0) -> #N/A | K406: =+HLOOKUP(K$3,'PEGAR DATOS'!J:BC,$A406,0) -> #N/A | L406: =+HLOOKUP(L$3,'PEGAR DATOS'!$1:$450,$A406,0) -> #N/A | Q406: Scopus
A407: 404 | B407: =+HLOOKUP(B$3,'PEGAR DATOS'!A:AT,$A407,0) -> #N/A | C407: =+HLOOKUP(C$3,'PEGAR DATOS'!B:AU,$A407,0) -> #N/A | D407: =+HLOOKUP(D$3,'PEGAR DATOS'!C:AV,$A407,0) -> #N/A | E407: =+HLOOKUP(E$3,'PEGAR DATOS'!D:AW,$A407,0) -> #N/A | F407: =+HLOOKUP(F$3,'PEGAR DATOS'!E:AX,$A407,0) -> #N/A | G407: =+HLOOKUP(G$3,'PEGAR DATOS'!F:AY,$A407,0) -> #N/A | H407: =+HLOOKUP(H$3,'PEGAR DATOS'!G:AZ,$A407,0) -> #N/A | I407: =+HLOOKUP(I$3,'PEGAR DATOS'!H:BA,$A407,0) -> #N/A | J407: =+HLOOKUP(J$3,'PEGAR DATOS'!I:BB,$A407,0) -> #N/A | K407: =+HLOOKUP(K$3,'PEGAR DATOS'!J:BC,$A407,0) -> #N/A | L407: =+HLOOKUP(L$3,'PEGAR DATOS'!$1:$450,$A407,0) -> #N/A | Q407: Scopus
A408: 405 | B408: =+HLOOKUP(B$3,'PEGAR DATOS'!A:AT,$A408,0) -> #N/A | C408: =+HLOOKUP(C$3,'PEGAR DATOS'!B:AU,$A408,0) -> #N/A | D408: =+HLOOKUP(D$3,'PEGAR DATOS'!C:AV,$A408,0) -> #N/A | E408: =+HLOOKUP(E$3,'PEGAR DATOS'!D:AW,$A408,0) -> #N/A | F408: =+HLOOKUP(F$3,'PEGAR DATOS'!E:AX,$A408,0) -> #N/A | G408: =+HLOOKUP(G$3,'PEGAR DATOS'!F:AY,$A408,0) -> #N/A | H408: =+HLOOKUP(H$3,'PEGAR DATOS'!G:AZ,$A408,0) -> #N/A | I408: =+HLOOKUP(I$3,'PEGAR DATOS'!H:BA,$A408,0) -> #N/A | J408: =+HLOOKUP(J$3,'PEGAR DATOS'!I:BB,$A408,0) -> #N/A | K408: =+HLOOKUP(K$3,'PEGAR DATOS'!J:BC,$A408,0) -> #N/A | L408: =+HLOOKUP(L$3,'PEGAR DATOS'!$1:$450,$A408,0) -> #N/A | Q408: Scopus
A409: 406 | B409: =+HLOOKUP(B$3,'PEGAR DATOS'!A:AT,$A409,0) -> #N/A | C409: =+HLOOKUP(C$3,'PEGAR DATOS'!B:AU,$A409,0) -> #N/A | D409: =+HLOOKUP(D$3,'PEGAR DATOS'!C:AV,$A409,0) -> #N/A | E409: =+HLOOKUP(E$3,'PEGAR DATOS'!D:AW,$A409,0) -> #N/A | F409: =+HLOOKUP(F$3,'PEGAR DATOS'!E:AX,$A409,0) -> #N/A | G409: =+HLOOKUP(G$3,'PEGAR DATOS'!F:AY,$A409,0) -> #N/A | H409: =+HLOOKUP(H$3,'PEGAR DATOS'!G:AZ,$A409,0) -> #N/A | I409: =+HLOOKUP(I$3,'PEGAR DATOS'!H:BA,$A409,0) -> #N/A | J409: =+HLOOKUP(J$3,'PEGAR DATOS'!I:BB,$A409,0) -> #N/A | K409: =+HLOOKUP(K$3,'PEGAR DATOS'!J:BC,$A409,0) -> #N/A | L409: =+HLOOKUP(L$3,'PEGAR DATOS'!$1:$450,$A409,0) -> #N/A | Q409: Scopus
A410: 407 | B410: =+HLOOKUP(B$3,'PEGAR DATOS'!A:AT,$A410,0) -> #N/A | C410: =+HLOOKUP(C$3,'PEGAR DATOS'!B:AU,$A410,0) -> #N/A | D410: =+HLOOKUP(D$3,'PEGAR DATOS'!C:AV,$A410,0) -> #N/A | E410: =+HLOOKUP(E$3,'PEGAR DATOS'!D:AW,$A410,0) -> #N/A | F410: =+HLOOKUP(F$3,'PEGAR DATOS'!E:AX,$A410,0) -> #N/A | G410: =+HLOOKUP(G$3,'PEGAR DATOS'!F:AY,$A410,0) -> #N/A | H410: =+HLOOKUP(H$3,'PEGAR DATOS'!G:AZ,$A410,0) -> #N/A | I410: =+HLOOKUP(I$3,'PEGAR DATOS'!H:BA,$A410,0) -> #N/A | J410: =+HLOOKUP(J$3,'PEGAR DATOS'!I:BB,$A410,0) -> #N/A | K410: =+HLOOKUP(K$3,'PEGAR DATOS'!J:BC,$A410,0) -> #N/A | L410: =+HLOOKUP(L$3,'PEGAR DATOS'!$1:$450,$A410,0) -> #N/A | Q410: Scopus
A411: 408 | B411: =+HLOOKUP(B$3,'PEGAR DATOS'!A:AT,$A411,0) -> #N/A | C411: =+HLOOKUP(C$3,'PEGAR DATOS'!B:AU,$A411,0) -> #N/A | D411: =+HLOOKUP(D$3,'PEGAR DATOS'!C:AV,$A411,0) -> #N/A | E411: =+HLOOKUP(E$3,'PEGAR DATOS'!D:AW,$A411,0) -> #N/A | F411: =+HLOOKUP(F$3,'PEGAR DATOS'!E:AX,$A411,0) -> #N/A | G411: =+HLOOKUP(G$3,'PEGAR DATOS'!F:AY,$A411,0) -> #N/A | H411: =+HLOOKUP(H$3,'PEGAR DATOS'!G:AZ,$A411,0) -> #N/A | I411: =+HLOOKUP(I$3,'PEGAR DATOS'!H:BA,$A411,0) -> #N/A | J411: =+HLOOKUP(J$3,'PEGAR DATOS'!I:BB,$A411,0) -> #N/A | K411: =+HLOOKUP(K$3,'PEGAR DATOS'!J:BC,$A411,0) -> #N/A | L411: =+HLOOKUP(L$3,'PEGAR DATOS'!$1:$450,$A411,0) -> #N/A | Q411: Scopus
A412: 409 | B412: =+HLOOKUP(B$3,'PEGAR DATOS'!A:AT,$A412,0) -> #N/A | C412: =+HLOOKUP(C$3,'PEGAR DATOS'!B:AU,$A412,0) -> #N/A | D412: =+HLOOKUP(D$3,'PEGAR DATOS'!C:AV,$A412,0) -> #N/A | E412: =+HLOOKUP(E$3,'PEGAR DATOS'!D:AW,$A412,0) -> #N/A | F412: =+HLOOKUP(F$3,'PEGAR DATOS'!E:AX,$A412,0) -> #N/A | G412: =+HLOOKUP(G$3,'PEGAR DATOS'!F:AY,$A412,0) -> #N/A | H412: =+HLOOKUP(H$3,'PEGAR DATOS'!G:AZ,$A412,0) -> #N/A | I412: =+HLOOKUP(I$3,'PEGAR DATOS'!H:BA,$A412,0) -> #N/A | J412: =+HLOOKUP(J$3,'PEGAR DATOS'!I:BB,$A412,0) -> #N/A | K412: =+HLOOKUP(K$3,'PEGAR DATOS'!J:BC,$A412,0) -> #N/A | L412: =+HLOOKUP(L$3,'PEGAR DATOS'!$1:$450,$A412,0) -> #N/A | Q412: Scopus
A413: 410 | B413: =+HLOOKUP(B$3,'PEGAR DATOS'!A:AT,$A413,0) -> #N/A | C413: =+HLOOKUP(C$3,'PEGAR DATOS'!B:AU,$A413,0) -> #N/A | D413: =+HLOOKUP(D$3,'PEGAR DATOS'!C:AV,$A413,0) -> #N/A | E413: =+HLOOKUP(E$3,'PEGAR DATOS'!D:AW,$A413,0) -> #N/A | F413: =+HLOOKUP(F$3,'PEGAR DATOS'!E:AX,$A413,0) -> #N/A | G413: =+HLOOKUP(G$3,'PEGAR DATOS'!F:AY,$A413,0) -> #N/A | H413: =+HLOOKUP(H$3,'PEGAR DATOS'!G:AZ,$A413,0) -> #N/A | I413: =+HLOOKUP(I$3,'PEGAR DATOS'!H:BA,$A413,0) -> #N/A | J413: =+HLOOKUP(J$3,'PEGAR DATOS'!I:BB,$A413,0) -> #N/A | K413: =+HLOOKUP(K$3,'PEGAR DATOS'!J:BC,$A413,0) -> #N/A | L413: =+HLOOKUP(L$3,'PEGAR DATOS'!$1:$450,$A413,0) -> #N/A | Q413: Scopus
A414: 411 | B414: =+HLOOKUP(B$3,'PEGAR DATOS'!A:AT,$A414,0) -> #N/A | C414: =+HLOOKUP(C$3,'PEGAR DATOS'!B:AU,$A414,0) -> #N/A | D414: =+HLOOKUP(D$3,'PEGAR DATOS'!C:AV,$A414,0) -> #N/A | E414: =+HLOOKUP(E$3,'PEGAR DATOS'!D:AW,$A414,0) -> #N/A | F414: =+HLOOKUP(F$3,'PEGAR DATOS'!E:AX,$A414,0) -> #N/A | G414: =+HLOOKUP(G$3,'PEGAR DATOS'!F:AY,$A414,0) -> #N/A | H414: =+HLOOKUP(H$3,'PEGAR DATOS'!G:AZ,$A414,0) -> #N/A | I414: =+HLOOKUP(I$3,'PEGAR DATOS'!H:BA,$A414,0) -> #N/A | J414: =+HLOOKUP(J$3,'PEGAR DATOS'!I:BB,$A414,0) -> #N/A | K414: =+HLOOKUP(K$3,'PEGAR DATOS'!J:BC,$A414,0) -> #N/A | L414: =+HLOOKUP(L$3,'PEGAR DATOS'!$1:$450,$A414,0) -> #N/A | Q414: Scopus
A415: 412 | B415: =+HLOOKUP(B$3,'PEGAR DATOS'!A:AT,$A415,0) -> #N/A | C415: =+HLOOKUP(C$3,'PEGAR DATOS'!B:AU,$A415,0) -> #N/A | D415: =+HLOOKUP(D$3,'PEGAR DATOS'!C:AV,$A415,0) -> #N/A | E415: =+HLOOKUP(E$3,'PEGAR DATOS'!D:AW,$A415,0) -> #N/A | F415: =+HLOOKUP(F$3,'PEGAR DATOS'!E:AX,$A415,0) -> #N/A | G415: =+HLOOKUP(G$3,'PEGAR DATOS'!F:AY,$A415,0) -> #N/A | H415: =+HLOOKUP(H$3,'PEGAR DATOS'!G:AZ,$A415,0) -> #N/A | I415: =+HLOOKUP(I$3,'PEGAR DATOS'!H:BA,$A415,0) -> #N/A | J415: =+HLOOKUP(J$3,'PEGAR DATOS'!I:BB,$A415,0) -> #N/A | K415: =+HLOOKUP(K$3,'PEGAR DATOS'!J:BC,$A415,0) -> #N/A | L415: =+HLOOKUP(L$3,'PEGAR DATOS'!$1:$450,$A415,0) -> #N/A | Q415: Scopus
A416: 413 | B416: =+HLOOKUP(B$3,'PEGAR DATOS'!A:AT,$A416,0) -> #N/A | C416: =+HLOOKUP(C$3,'PEGAR DATOS'!B:AU,$A416,0) -> #N/A | D416: =+HLOOKUP(D$3,'PEGAR DATOS'!C:AV,$A416,0) -> #N/A | E416: =+HLOOKUP(E$3,'PEGAR DATOS'!D:AW,$A416,0) -> #N/A | F416: =+HLOOKUP(F$3,'PEGAR DATOS'!E:AX,$A416,0) -> #N/A | G416: =+HLOOKUP(G$3,'PEGAR DATOS'!F:AY,$A416,0) -> #N/A | H416: =+HLOOKUP(H$3,'PEGAR DATOS'!G:AZ,$A416,0) -> #N/A | I416: =+HLOOKUP(I$3,'PEGAR DATOS'!H:BA,$A416,0) -> #N/A | J416: =+HLOOKUP(J$3,'PEGAR DATOS'!I:BB,$A416,0) -> #N/A | K416: =+HLOOKUP(K$3,'PEGAR DATOS'!J:BC,$A416,0) -> #N/A | L416: =+HLOOKUP(L$3,'PEGAR DATOS'!$1:$450,$A416,0) -> #N/A | Q416: Scopus
A417: 414 | B417: =+HLOOKUP(B$3,'PEGAR DATOS'!A:AT,$A417,0) -> #N/A | C417: =+HLOOKUP(C$3,'PEGAR DATOS'!B:AU,$A417,0) -> #N/A | D417: =+HLOOKUP(D$3,'PEGAR DATOS'!C:AV,$A417,0) -> #N/A | E417: =+HLOOKUP(E$3,'PEGAR DATOS'!D:AW,$A417,0) -> #N/A | F417: =+HLOOKUP(F$3,'PEGAR DATOS'!E:AX,$A417,0) -> #N/A | G417: =+HLOOKUP(G$3,'PEGAR DATOS'!F:AY,$A417,0) -> #N/A | H417: =+HLOOKUP(H$3,'PEGAR DATOS'!G:AZ,$A417,0) -> #N/A | I417: =+HLOOKUP(I$3,'PEGAR DATOS'!H:BA,$A417,0) -> #N/A | J417: =+HLOOKUP(J$3,'PEGAR DATOS'!I:BB,$A417,0) -> #N/A | K417: =+HLOOKUP(K$3,'PEGAR DATOS'!J:BC,$A417,0) -> #N/A | L417: =+HLOOKUP(L$3,'PEGAR DATOS'!$1:$450,$A417,0) -> #N/A | Q417: Scopus
... A1110: 1107 | B1110: =+HLOOKUP(B$3,'PEGAR DATOS'!A:AT,$A1110,0) -> #N/A | C1110: =+HLOOKUP(C$3,'PEGAR DATOS'!B:AU,$A1110,0) -> #N/A | D1110: =+HLOOKUP(D$3,'PEGAR DATOS'!C:AV,$A1110,0) -> #N/A | E1110: =+HLOOKUP(E$3,'PEGAR DATOS'!D:AW,$A1110,0) -> #N/A | F1110: =+HLOOKUP(F$3,'PEGAR DATOS'!E:AX,$A1110,0) -> #N/A | G1110: =+HLOOKUP(G$3,'PEGAR DATOS'!F:AY,$A1110,0) -> #N/A | H1110: =+HLOOKUP(H$3,'PEGAR DATOS'!G:AZ,$A1110,0) -> #N/A | I1110: =+HLOOKUP(I$3,'PEGAR DATOS'!H:BA,$A1110,0) -> #N/A | J1110: =+HLOOKUP(J$3,'PEGAR DATOS'!I:BB,$A1110,0) -> #N/A | K1110: =+HLOOKUP(K$3,'PEGAR DATOS'!J:BC,$A1110,0) -> #N/A | L1110: =+HLOOKUP(L$3,'PEGAR DATOS'!$1:$450,$A1110,0) -> #N/A | Q1110: Scopus

Sheet DATABASE WOS
A1: Journal | B1: Abstract | C1: Keywords | D1: Publisher/Editorial | E1: Language | F1: Document Type | G1: DOI | H1: City of publication | I1: Country of study | M1: TIPO SCOPUS/WOS

Sheet DATABASE SCIELO
A1: Journal | B1: Abstract | C1: Keywords | D1: Publisher/Editorial | E1: Language | F1: Document Type | G1: DOI | H1: City of publication | I1: Country of study | M1: TIPO SCOPUS/WOS

Sheet DATABASE REDALYC
A1: Journal | B1: Abstract | C1: Keywords | D1: Publisher/Editorial | E1: Language | F1: Document Type | G1: DOI | H1: City of publication | I1: Country of study | M1: TIPO SCOPUS/WOS

Sheet DATABASE PROUEST
A1: Journal | B1: Abstract | C1: Keywords | D1: Publisher/Editorial | E1: Language | F1: Document Type | G1: DOI | H1: City of publication | I1: Country of study | M1: TIPO SCOPUS/WOS

Sheet Figura 1
C1: Identificación y selección de estudios a través de bases de datos
A3: Identification | C3: Registros identificados desde: Base de datos 1 Web of Science (n = 100) Base de datos 2 Scopus (n = 200) | G3: Registros eliminados antes de la selección: Registros duplicados eliminados (n = 30 ) Registros marcados como no elegibles por herramientas de automatización (n = 30) Registros eliminados por otras razones (n = 25 )
A8: Screening | C8: Registros examinados (n = 25 ) | G8: Registros excluidos* (n = 30 )
C12: Informes buscados para recuperar (n = 25 ) | G12: Informes no recuperados (n = 45 )
C16: Informes evaluados para elegibilidad (n = 25 ) | G16: Informes excluidos: Razón 1 (n = 24) Razón 2 (n = 15) Razón 3 (n = 11 ) etc.(colocar la razón específica)
C21: Estudios incluidos en la revisión (n = 40)

Sheet PLANTILLA
A3: Tabla 1 | F3: Tabla 2 | N3: Figura 2 | AA3: Figura 2 | AM3: Figura 3 | AN3: Porcentaje (%) | AS3: Figura 6 | AT3: Absoluto (n) | AU3: Relativa (n/N) | AV3: Porcentaje (%) | BD3: Figura 7 | BE3: Absoluto (n) | BF3: Relativa (n/N) | BG3: Porcentaje (%)
N4: Tendencia de publicaciones por año | AA4: Tendencia de Revistas o editoriales que publicaron | AM4: Mayor frecuencia de países de publicación | AS4: Cantidad y porcentaje por idioma de publicación | BE4: Mayor incidencia de Cantidad de artículos por base de datos
F5: N° | G5: Autor (es) | H5: Título | I5: Año | J5: Revista | K5: País | L5: Base de datos | AS5: Etiquetas de fila | AT5: Absoluto (n) | AU5: Relativa (n/N) | AV5: Porcentaje (%) | BD5: Etiquetas de fila | BE5: Absoluto (n) | BF5: Relativa (n/N) | BG5: Porcentaje (%) | BI5: Etiquetas de fila | BJ5: Absoluto (n)
A6: Base de datos | B6: Frecuencias | F6: 1 | G6: ='BASE DE DATOS SCOPUS'!B5 -> #N/A | H6: ='BASE DE DATOS SCOPUS'!C5 -> #N/A | I6: ='BASE DE DATOS SCOPUS'!D5 -> #N/A | J6: ='BASE DE DATOS SCOPUS'!E5 -> #N/A | K6: ='BASE DE DATOS SCOPUS'!L5 -> #N/A | L6: ='BASE DE DATOS SCOPUS'!Q5 -> 0 | N6: Etiquetas de fila | O6: Absoluto (n) | P6: Relativa (n/N) | Q6: Porcentaje (%) | S6: Etiquetas de fila | T6: Absoluto (n) | AA6: Etiquetas de fila | AB6: Absoluto (n) | AC6: Relativa (n/N) | AD6: Porcentaje (%) | AF6: Etiquetas de fila | AG6: Absoluto (n) | AM6: Etiquetas de fila | AN6: Absoluto (n) | AO6: Relativa (n/N) | AP6: Porcentaje (%) | AS6: English | AT6: 30 | AU6: 1 | AV6: 1 | BD6: Scopus | BE6: 10 | BF6: 0.33333333 | BG6: 0.33333333 | BI6: Scopus | BJ6: 10
B7: Absoluta (n) | C7: Relativa (n/N) | D7: Porcentaje (%) | F7: 2 | G7: Rivera O.; Benites S.; Mendigure J.; Bonilla C.A. | H7: Therapeutic abandonment in multidrug-resistant tuberculosis: Associated factors in a high burden region in Perú; [Abandono terapéutico en tuberculosis multidrogorresistente: factores asociados en una región de alta carga en Perú] | I7: 2019 | J7: Biomedica | K7: ='BASE DE DATOS SCOPUS'!L6 -> #N/A | L7: ='BASE DE DATOS SCOPUS'!Q6 -> 0 | N7: 2021 | O7: 13 | P7: 0.43333333 | Q7: 0.43333333 | S7: 2021 | T7: 13 | AA7: Gaceta Sanitaria | AB7: 1 | AC7: 0.5 | AD7: 0.5 | AF7: Gaceta Sanitaria | AG7: 1 | AM7: Germany | AN7: 2 | AO7: 0.066666667 | AP7: 0.066666667 | AS7: Total general | AT7: 30 | AU7: 1 | AV7: 1 | BD7: Scilo | BE7: 10 | BF7: 0.33333333 | BG7: 0.33333333 | BI7: Scilo | BJ7: 10
A8: Scopus | B8: 613 | C8: =B8/B$10 -> 0.55525362 | D8: =C8*100% -> 0.55525362 | F8: 3 | G8: Andrade G.; Espinoza A. | H8: Significado de psicólogas/os de atención primaria de salud sobre la intervención psicosocial de grupo en el tratamiento de la depresión en Chile | I8: 2019 | J8: Global Health Promotion | K8: ='BASE DE DATOS SCOPUS'!L7 -> #N/A | L8: ='BASE DE DATOS SCOPUS'!Q7 -> 0 | N8: 2022 | O8: 8 | P8: 0.26666667 | Q8: 0.26666667 | S8: 2022 | T8: 8 | AA8: Medwave | AB8: 1 | AC8: 0.5 | AD8: 0.5 | AF8: Medwave | AG8: 1 | AM8: United States | AN8: 10 | AO8: 0.33333333 | AP8: 0.33333333 | BD8: Redallyc | BE8: 10 | BF8: 0.33333333 | BG8: 0.33333333 | BI8: Redallyc | BJ8: 10
A9: Web of Science | B9: 491 | C9: =B9/B$10 -> 0.44474638 | D9: =C9*100% -> 0.44474638 | F9: 4 | G9: Nogueira J.; Rocha D.G.; Akerman M. | H9: Políticas públicas adoptadas en la pandemia de la COVID-19 en tres países de América Latina: contribuciones de la Promoción de la Salud para no volver al mundo que existía | I9: 2021 | J9: Global Health Promotion | K9: ='BASE DE DATOS SCOPUS'!L8 -> #N/A | L9: ='BASE DE DATOS SCOPUS'!Q8 -> 0 | N9: 2023 | O9: 9 | P9: 0.3 | Q9: 0.3 | S9: 2023 | T9: 9 | AA9: Total general | AB9: 2 | AC9: 1 | AD9: 1 | AF9: Total general | AG9: 2 | AM9: Peru | AN9: 12 | AO9: 0.4 | AP9: 0.4 | BD9: Total general | BE9: 30 | BF9: 1 | BG9: 1 | BI9: Total general | BJ9: 30
A10: Total | B10: =SUM(B8:B9) -> 1104 | C10: =SUM(C8:C9) -> 1 | D10: =SUM(D8:D9) -> 1 | F10: 5 | G10: da Cunha C.M.S.L.M.; Henriques M.A.P.; Costa A.C.J.S. | H10: Public health nursing: regulation and public health policies; [A enfermagem de saúde pública: regulação e políticas públicas de saúde]; [La enfermería de salud pública: regulación y las políticas públicas de salud] | I10: 2020 | J10: Revista Brasileira de Enfermagem | K10: ='BASE DE DATOS SCOPUS'!L9 -> #N/A | L10: ='BASE DE DATOS SCOPUS'!Q9 -> 0 | N10: Total general | O10: 30 | P10: 1 | Q10: 1 | S10: Total general | T10: 30 | AM10: United Kingdom | AN10: 2 | AO10: 0.066666667 | AP10: 0.066666667
F11: 6 | G11: Sanfrutos Velázquez N. | H11: La Finaciación de Los Servicios Regionales de Salud. Problemas y Posibles Soluciones | I11: 1991 | J11: Gaceta Sanitaria | K11: ='BASE DE DATOS SCOPUS'!L10 -> #N/A | L11: ='BASE DE DATOS SCOPUS'!Q10 -> 0 | AM11: Switzerland | AN11: 1 | AO11: 0.033333333 | AP11: 0.033333333
F12: 7 | G12: Gómez-Dantés O.; Frenk J. | H12: Chronicle of a century of public health in Mexico: From public health to social protection in health; [Crónica de un siglo de salud pública en México: De la salubridad pública a la protección social en salud] | I12: 2019 | J12: Salud Publica de Mexico | K12: ='BASE DE DATOS SCOPUS'!L11 -> #N/A | L12: ='BASE DE DATOS SCOPUS'!Q11 -> 0 | AM12: México | AN12: 1 | AO12: 0.033333333 | AP12: 0.033333333
F13: 8 | G13: Rivera O.; Benites S.; Mendigure J.; Bonilla C.A. | H13: Abandonment of therapy in multidrug-resistant tuberculosis: Associated factors in a region with a high burden of the disease in Perú; [Abandono del tratamiento en tuberculosis multirresistente: factores asociados en una región con alta carga de la enfermedad en Perú] | I13: 2019 | J13: Biomedica : revista del Instituto Nacional de Salud | K13: ='BASE DE DATOS SCOPUS'!L12 -> #N/A | L13: ='BASE DE DATOS SCOPUS'!Q12 -> 0 | AM13: Uganda | AN13: 1 | AO13: 0.033333333 | AP13: 0.033333333
F14: 9 | G14: Rodríguez-Arenas M.Á.; Martín-Ríos M.D.; Gil-Borrelli C. | H14: Public health interventions against hate violence; [Intervenciones en salud pública contra la violencia de odio] | I14: 2018 | J14: Gaceta Sanitaria | K14: ='BASE DE DATOS SCOPUS'!L13 -> #N/A | L14: ='BASE DE DATOS SCOPUS'!Q13 -> 0 | AM14: Ecuador | AN14: 1 | AO14: 0.033333333 | AP14: 0.033333333
F15: 10 | G15: Goigoechea Utrillo J.M.; Panella Ros J.; Portella Arguelaget E. | H15: Características del Tabaquismo en el Medio Escolar en Andorra | I15: 1992 | J15: Gaceta Sanitaria | K15: ='BASE DE DATOS SCOPUS'!L14 -> #N/A | L15: ='BASE DE DATOS SCOPUS'!Q14 -> 0 | AM15: Total general | AN15: 30 | AO15: 1 | AP15: 1
F16: 11 | G16: Valero C.; Nebot M.; Villalbí J.R. | H16: Embarazo en adolescentes en barcelona: distribución, antecedentes y consecuencias | I16: 1994 | J16: Gaceta Sanitaria | K16: ='BASE DE DATOS SCOPUS'!L15 -> #N/A | L16: ='BASE DE DATOS SCOPUS'!Q15 -> 0
F17: 12 | G17: dos Anjos V.Á.A.; Tavares G.H.; Ferreira J.S.; da Silva J.V.P.; da Costa F.R. | H17: Public health promotion policies and professional guidance in the Outdoor Gyms in Campo Grande/MS, Brazil; [Políticas públicas de promoção de saúde e orientação profissional em AAL em Campo Grande/MS, Brasil]; [Políticas de promoción de la salud pública y orientación profesional en AAL en Campo Grande/MS, Brasil] | I17: 2020 | J17: Retos | K17: ='BASE DE DATOS SCOPUS'!L16 -> #N/A | L17: ='BASE DE DATOS SCOPUS'!Q16 -> 0
F18: 13 | G18: Alves R.F.; Jiménez-Brobeil S.A.; Do Carmo Eulálio M.; De Andrade D.A.; Do Nascimento Cunha E.C.; Ferreira P.R.A. | H18: Public health interventions conducted by psychologists in Brazil, Spain and Portugal; [Intervenciones de psicólogos en la salud pública de Brasil, España y Portugal] | I18: 2016 | J18: Revista de Psicologia (Peru) | K18: ='BASE DE DATOS SCOPUS'!L17 -> #N/A | L18: ='BASE DE DATOS SCOPUS'!Q17 -> 0 | AN18: https://mapinseconds.com
F19: 14 | G19: Rodríguez R.; Márquez S.; López M. | H19: La perspectiva profesional en la reforma de la atención primaria de salud: una aproximación cualitativa | I19: 1995 | J19: Gaceta Sanitaria | K19: ='BASE DE DATOS SCOPUS'!L18 -> #N/A | L19: ='BASE DE DATOS SCOPUS'!Q18 -> 0
F20: 15 | G20: Santa María Juárez L.A. | H20: Public health interventions: Conceptual basis for the determination of objectives and evaluation; [Intervenciones en salud Pública: Bases Conceptuales Para La Determinación De Objetivos Y Evaluación] | I20: 2018 | J20: Revista Peruana de Medicina Experimental y Salud Publica | K20: ='BASE DE DATOS SCOPUS'!L19 -> #N/A | L20: ='BASE DE DATOS SCOPUS'!Q19 -> 0
A26: Base de datos | B26: Frecuencias
B27: Absoluta (n) | C27: Relativa (n/N) | D27: Porcentaje (%)
A28: Redalyc | B28: 6 | C28: =B28/B$34 -> 0.12 | D28: =C28/C$34 -> 0.12
A29: Scielo | B29: 11 | C29: =B29/B$34 -> 0.22 | D29: =C29*100% -> 0.22
A30: Google Académico | B30: 6 | C30: =B30/B$34 -> 0.12 | D30: =C30*100% -> 0.12
A31: Scopus | B31: 16 | C31: =B31/B$34 -> 0.32 | D31: =C31*100% -> 0.32
A32: ScienceDirect | B32: 5 | C32: =B32/B$34 -> 0.1 | D32: =C32*100% -> 0.1
A33: Web of Science (WoS). | B33: 6 | C33: =B33/B$34 -> 0.12 | D33: =C33*100% -> 0.12
A34: Total | B34: =SUM(B28:B33) -> 50 | C34: =SUM(C28:C33) -> 1 | D34: =SUM(D28:D33) -> 1

Sheet otros
A22: Caracteristicas | B22: Denominación | C22: f | D22: Porcentaje (%)
A23: Base de datos | B23: Redalyc | C23: 4 | D23: 0.13333333
B24: Scielo | C24: 6 | D24: 0.2
B25: Google Académico | C25: 5 | D25: 0.16666667
B26: Elsevier | C26: 5 | D26: 0.16666667
B27: ScienceDirect | C27: 5 | D27: 0.16666667
B28: Web of Science (WoS). | C28: 5 | D28: 0.16666667
A29: Revista | B29: International Journal of Environmental Research and Public Health | C29: 2 | D29: 0.066666667
B30: International Nursing Review | C30: 1 | D30: 0.033333333
B31: Perspectives on Sexual and Reproductive Health | C31: 1 | D31: 0.033333333
B32: Sexual and Reproductive Health Matters | C32: 1 | D32: 0.033333333
B33: Journal of Adolescent Health | C33: 2 | D33: 0.066666667
B34: Journal of Youth and Adolescence | C34: 1 | D34: 0.033333333
B35: Transactions of the Royal Society of Tropical Medicine and Hygiene | C35: 1 | D35: 0.033333333
B36: Reproductive Health | C36: 5 | D36: 0.16666667
B37: Fertility and Sterility | C37: 2 | D37: 0.066666667
B38: Nurse Education in Practice | C38: 1 | D38: 0.033333333
B39: BMC Public Health | C39: 1 | D39: 0.033333333
B40: BMJ Open | C40: 2 | D40: 0.066666667
B41: Journal of Cystic Fibrosis | C41: 1 | D41: 0.033333333
... B49: Hepatology | C49: 1 | D49: 0.033333333
B50: Andrology | C50: 1 | D50: 0.033333333 | F50: 30
B51: Piaís | C51: f | D51: Porcentaje (%)
B52: Ecuador | C52: 4 | D52: =C52/F$50 -> 0.13333333
B53: Perú | C53: 8 | D53: =C53/F$50 -> 0.26666667
B54: Brasil | C54: 12 | D54: =C54/F$50 -> 0.4
B55: Colombia | C55: 6 | D55: =C55/F$50 -> 0.2
B56: Accesibilidad
B57: Acesos libre | C57: 22 | D57: =C57/F$50 -> 0.73333333
B58: Acceso restrinjido | C58: 8 | D58: =C58/F$50 -> 0.26666667
B59: Enfoque
B60: Cuantitativo | C60: 21 | D60: =C60/F$50 -> 0.7
B61: Cualitativo | C61: 9 | D61: =C61/F$50 -> 0.3

Sheet PEGAR DATOS

Sheet IDENTIFICATION - REMOVED
A1: Authors | B1: Title | C1: Year | D1: Journal | E1: Abstract | F1: Keywords | G1: Publisher/Editorial | H1: Language | I1: Document Type | J1: DOI | K1: City of publication | L1: Country of study | M1: Scopus | N1: WOS | O1: DUPLICATED | P1: DOCUMENT TYPE | Q1: NOT ABSTRACT | R1: NOT DOI | S1: LANGUAGE
A2: ='BASE DE DATOS SCOPUS'!B5 -> #N/A | B2: ='BASE DE DATOS SCOPUS'!C5 -> #N/A | C2: ='BASE DE DATOS SCOPUS'!D5 -> #N/A | D2: ='BASE DE DATOS SCOPUS'!E5 -> #N/A | E2: ='BASE DE DATOS SCOPUS'!F5 -> #N/A | F2: ='BASE DE DATOS SCOPUS'!G5 -> #N/A | G2: ='BASE DE DATOS SCOPUS'!H5 -> #N/A | H2: ='BASE DE DATOS SCOPUS'!I5 -> #N/A | ... K2: ='BASE DE DATOS SCOPUS'!L5 -> #N/A | O2: no | P2: articulos | S2: =H2 -> #N/A
A3: ='BASE DE DATOS SCOPUS'!B6 -> #N/A | B3: ='BASE DE DATOS SCOPUS'!C6 -> #N/A | C3: ='BASE DE DATOS SCOPUS'!D6 -> #N/A | D3: ='BASE DE DATOS SCOPUS'!E6 -> #N/A | E3: ='BASE DE DATOS SCOPUS'!F6 -> #N/A | F3: ='BASE DE DATOS SCOPUS'!G6 -> #N/A | G3: ='BASE DE DATOS SCOPUS'!H6 -> #N/A | H3: ='BASE DE DATOS SCOPUS'!I6 -> #N/A | ... K3: ='BASE DE DATOS SCOPUS'!L6 -> #N/A | O3: no | P3: articulos
A4: ='BASE DE DATOS SCOPUS'!B7 -> #N/A | B4: ='BASE DE DATOS SCOPUS'!C7 -> #N/A | C4: ='BASE DE DATOS SCOPUS'!D7 -> #N/A | D4: ='BASE DE DATOS SCOPUS'!E7 -> #N/A | E4: ='BASE DE DATOS SCOPUS'!F7 -> #N/A | F4: ='BASE DE DATOS SCOPUS'!G7 -> #N/A | G4: ='BASE DE DATOS SCOPUS'!H7 -> #N/A | H4: ='BASE DE DATOS SCOPUS'!I7 -> #N/A | ... K4: ='BASE DE DATOS SCOPUS'!L7 -> #N/A | O4: no | P4: articulos
A5: ='BASE DE DATOS SCOPUS'!B8 -> #N/A | B5: ='BASE DE DATOS SCOPUS'!C8 -> #N/A | C5: ='BASE DE DATOS SCOPUS'!D8 -> #N/A | D5: ='BASE DE DATOS SCOPUS'!E8 -> #N/A | E5: ='BASE DE DATOS SCOPUS'!F8 -> #N/A | F5: ='BASE DE DATOS SCOPUS'!G8 -> #N/A | G5: ='BASE DE DATOS SCOPUS'!H8 -> #N/A | H5: ='BASE DE DATOS SCOPUS'!I8 -> #N/A | ... K5: ='BASE DE DATOS SCOPUS'!L8 -> #N/A | O5: no | P5: articulos
A6: ='BASE DE DATOS SCOPUS'!B9 -> #N/A | B6: ='BASE DE DATOS SCOPUS'!C9 -> #N/A | C6: ='BASE DE DATOS SCOPUS'!D9 -> #N/A | D6: ='BASE DE DATOS SCOPUS'!E9 -> #N/A | E6: ='BASE DE DATOS SCOPUS'!F9 -> #N/A | F6: ='BASE DE DATOS SCOPUS'!G9 -> #N/A | G6: ='BASE DE DATOS SCOPUS'!H9 -> #N/A | H6: ='BASE DE DATOS SCOPUS'!I9 -> #N/A | ... K6: ='BASE DE DATOS SCOPUS'!L9 -> #N/A | O6: no | P6: articulos
A7: ='BASE DE DATOS SCOPUS'!B10 -> #N/A | B7: ='BASE DE DATOS SCOPUS'!C10 -> #N/A | C7: ='BASE DE DATOS SCOPUS'!D10 -> #N/A | D7: ='BASE DE DATOS SCOPUS'!E10 -> #N/A | E7: ='BASE DE DATOS SCOPUS'!F10 -> #N/A | F7: ='BASE DE DATOS SCOPUS'!G10 -> #N/A | G7: ='BASE DE DATOS SCOPUS'!H10 -> #N/A | H7: ='BASE DE DATOS SCOPUS'!I10 -> #N/A | ... K7: ='BASE DE DATOS SCOPUS'!L10 -> #N/A | O7: no | P7: articulos
A8: ='BASE DE DATOS SCOPUS'!B11 -> #N/A | B8: ='BASE DE DATOS SCOPUS'!C11 -> #N/A | C8: ='BASE DE DATOS SCOPUS'!D11 -> #N/A | D8: ='BASE DE DATOS SCOPUS'!E11 -> #N/A | E8: ='BASE DE DATOS SCOPUS'!F11 -> #N/A | F8: ='BASE DE DATOS SCOPUS'!G11 -> #N/A | G8: ='BASE DE DATOS SCOPUS'!H11 -> #N/A | H8: ='BASE DE DATOS SCOPUS'!I11 -> #N/A | ... K8: ='BASE DE DATOS SCOPUS'!L11 -> #N/A | O8: no | P8: articulos
A9: ='BASE DE DATOS SCOPUS'!B12 -> #N/A | B9: ='BASE DE DATOS SCOPUS'!C12 -> #N/A | C9: ='BASE DE DATOS SCOPUS'!D12 -> #N/A | D9: ='BASE DE DATOS SCOPUS'!E12 -> #N/A | E9: ='BASE DE DATOS SCOPUS'!F12 -> #N/A | F9: ='BASE DE DATOS SCOPUS'!G12 -> #N/A | G9: ='BASE DE DATOS SCOPUS'!H12 -> #N/A | H9: ='BASE DE DATOS SCOPUS'!I12 -> #N/A | ... K9: ='BASE DE DATOS SCOPUS'!L12 -> #N/A | O9: no | P9: articulos
A10: ='BASE DE DATOS SCOPUS'!B13 -> #N/A | B10: ='BASE DE DATOS SCOPUS'!C13 -> #N/A | C10: ='BASE DE DATOS SCOPUS'!D13 -> #N/A | D10: ='BASE DE DATOS SCOPUS'!E13 -> #N/A | E10: ='BASE DE DATOS SCOPUS'!F13 -> #N/A | F10: ='BASE DE DATOS SCOPUS'!G13 -> #N/A | G10: ='BASE DE DATOS SCOPUS'!H13 -> #N/A | H10: ='BASE DE DATOS SCOPUS'!I13 -> #N/A | ... K10: ='BASE DE DATOS SCOPUS'!L13 -> #N/A | O10: no | P10: articulos
A11: ='BASE DE DATOS SCOPUS'!B14 -> #N/A | B11: ='BASE DE DATOS SCOPUS'!C14 -> #N/A | C11: ='BASE DE DATOS SCOPUS'!D14 -> #N/A | D11: ='BASE DE DATOS SCOPUS'!E14 -> #N/A | E11: ='BASE DE DATOS SCOPUS'!F14 -> #N/A | F11: ='BASE DE DATOS SCOPUS'!G14 -> #N/A | G11: ='BASE DE DATOS SCOPUS'!H14 -> #N/A | H11: ='BASE DE DATOS SCOPUS'!I14 -> #N/A | ... K11: ='BASE DE DATOS SCOPUS'!L14 -> #N/A | O11: no | P11: articulos
A12: ='BASE DE DATOS SCOPUS'!B15 -> #N/A | B12: ='BASE DE DATOS SCOPUS'!C15 -> #N/A | C12: ='BASE DE DATOS SCOPUS'!D15 -> #N/A | D12: ='BASE DE DATOS SCOPUS'!E15 -> #N/A | E12: ='BASE DE DATOS SCOPUS'!F15 -> #N/A | F12: ='BASE DE DATOS SCOPUS'!G15 -> #N/A | G12: ='BASE DE DATOS SCOPUS'!H15 -> #N/A | H12: ='BASE DE DATOS SCOPUS'!I15 -> #N/A | ... K12: ='BASE DE DATOS SCOPUS'!L15 -> #N/A | O12: no | P12: articulos
A13: ='BASE DE DATOS SCOPUS'!B16 -> #N/A | B13: ='BASE DE DATOS SCOPUS'!C16 -> #N/A | C13: ='BASE DE DATOS SCOPUS'!D16 -> #N/A | D13: ='BASE DE DATOS SCOPUS'!E16 -> #N/A | E13: ='BASE DE DATOS SCOPUS'!F16 -> #N/A | F13: ='BASE DE DATOS SCOPUS'!G16 -> #N/A | G13: ='BASE DE DATOS SCOPUS'!H16 -> #N/A | H13: ='BASE DE DATOS SCOPUS'!I16 -> #N/A | ... K13: ='BASE DE DATOS SCOPUS'!L16 -> #N/A | O13: no | P13: articulos
A14: ='BASE DE DATOS SCOPUS'!B17 -> #N/A | B14: ='BASE DE DATOS SCOPUS'!C17 -> #N/A | C14: ='BASE DE DATOS SCOPUS'!D17 -> #N/A | D14: ='BASE DE DATOS SCOPUS'!E17 -> #N/A | E14: ='BASE DE DATOS SCOPUS'!F17 -> #N/A | F14: ='BASE DE DATOS SCOPUS'!G17 -> #N/A | G14: ='BASE DE DATOS SCOPUS'!H17 -> #N/A | H14: ='BASE DE DATOS SCOPUS'!I17 -> #N/A | ... K14: ='BASE DE DATOS SCOPUS'!L17 -> #N/A | O14: no | P14: articulos
... A1000: ='BASE DE DATOS SCOPUS'!B1003 -> #N/A | B1000: ='BASE DE DATOS SCOPUS'!C1003 -> #N/A | C1000: ='BASE DE DATOS SCOPUS'!D1003 -> #N/A | D1000: ='BASE DE DATOS SCOPUS'!E1003 -> #N/A | E1000: ='BASE DE DATOS SCOPUS'!F1003 -> #N/A | F1000: ='BASE DE DATOS SCOPUS'!G1003 -> #N/A | G1000: ='BASE DE DATOS SCOPUS'!H1003 -> #N/A | H1000: ='BASE DE DATOS SCOPUS'!I1003 -> #N/A | ... K1000: ='BASE DE DATOS SCOPUS'!L1003 -> #N/A | O1000: no | P1000: articulos

Sheet SCREENING - EXCLUDED
A1: Authors | B1: Title | C1: Year | D1: Journal | E1: Abstract | F1: Keywords | G1: Publisher/Editorial | H1: Language | I1: Document Type | J1: DOI | K1: City of publication | L1: Country of study | M1: Scopus | N1: WOS | O1: Evaluador 1 ¿Quién? | P1: Luego de revisar el resumen ¿El artículo está referido al objetivo de la RSL? | Q1: Evaluador 2 ¿Quién? | R1: Luego de revisar el resumen ¿El artículo está referido al objetivo de la RSL? | S1: Decisión final ¿Se incluye el documento? (evaluación de pares ciego) | T1: OBSERVACIÓN 1 ¿Por qué se eliminó el documento?
A2: ='IDENTIFICATION - REMOVED'!A2 -> #N/A | B2: ='IDENTIFICATION - REMOVED'!B2 -> #N/A | C2: ='IDENTIFICATION - REMOVED'!C2 -> #N/A | D2: ='IDENTIFICATION - REMOVED'!D2 -> #N/A | E2: ='IDENTIFICATION - REMOVED'!E2 -> #N/A | F2: ='IDENTIFICATION - REMOVED'!F2 -> #N/A | G2: ='IDENTIFICATION - REMOVED'!G2 -> #N/A | H2: ='IDENTIFICATION - REMOVED'!H2 -> #N/A | ... L2: ='IDENTIFICATION - REMOVED'!L2 -> 0 | M2: ='IDENTIFICATION - REMOVED'!M4 -> 0 | N2: ='IDENTIFICATION - REMOVED'!N4 -> 0 | O2: X | P2: Yes | Q2: Y | R2: Yes | S2: Yes
A3: ='IDENTIFICATION - REMOVED'!A3 -> #N/A | B3: ='IDENTIFICATION - REMOVED'!B3 -> #N/A | C3: ='IDENTIFICATION - REMOVED'!C3 -> #N/A | D3: ='IDENTIFICATION - REMOVED'!D3 -> #N/A | E3: ='IDENTIFICATION - REMOVED'!E3 -> #N/A | F3: ='IDENTIFICATION - REMOVED'!F3 -> #N/A | G3: ='IDENTIFICATION - REMOVED'!G3 -> #N/A | H3: ='IDENTIFICATION - REMOVED'!H3 -> #N/A | ... L3: ='IDENTIFICATION - REMOVED'!L3 -> 0 | M3: ='IDENTIFICATION - REMOVED'!M5 -> 0 | N3: ='IDENTIFICATION - REMOVED'!N5 -> 0 | O3: X | P3: Probably | Q3: Y | R3: Probably | S3: Yes
A4: ='IDENTIFICATION - REMOVED'!A4 -> #N/A | B4: ='IDENTIFICATION - REMOVED'!B4 -> #N/A | C4: ='IDENTIFICATION - REMOVED'!C4 -> #N/A | D4: ='IDENTIFICATION - REMOVED'!D4 -> #N/A | E4: ='IDENTIFICATION - REMOVED'!E4 -> #N/A | F4: ='IDENTIFICATION - REMOVED'!F4 -> #N/A | G4: ='IDENTIFICATION - REMOVED'!G4 -> #N/A | H4: ='IDENTIFICATION - REMOVED'!H4 -> #N/A | ... L4: ='IDENTIFICATION - REMOVED'!L4 -> 0 | M4: ='IDENTIFICATION - REMOVED'!M6 -> 0 | N4: ='IDENTIFICATION - REMOVED'!N6 -> 0 | O4: X | P4: Probably | Q4: Y | R4: Probably | S4: Yes
A5: ='IDENTIFICATION - REMOVED'!A5 -> #N/A | B5: ='IDENTIFICATION - REMOVED'!B5 -> #N/A | C5: ='IDENTIFICATION - REMOVED'!C5 -> #N/A | D5: ='IDENTIFICATION - REMOVED'!D5 -> #N/A | E5: ='IDENTIFICATION - REMOVED'!E5 -> #N/A | F5: ='IDENTIFICATION - REMOVED'!F5 -> #N/A | G5: ='IDENTIFICATION - REMOVED'!G5 -> #N/A | H5: ='IDENTIFICATION - REMOVED'!H5 -> #N/A | ... L5: ='IDENTIFICATION - REMOVED'!L5 -> 0 | M5: ='IDENTIFICATION - REMOVED'!M7 -> 0 | N5: ='IDENTIFICATION - REMOVED'!N7 -> 0 | O5: X | P5: Yes | Q5: Y | R5: Yes | S5: Yes
A6: ='IDENTIFICATION - REMOVED'!A6 -> #N/A | B6: ='IDENTIFICATION - REMOVED'!B6 -> #N/A | C6: ='IDENTIFICATION - REMOVED'!C6 -> #N/A | D6: ='IDENTIFICATION - REMOVED'!D6 -> #N/A | E6: ='IDENTIFICATION - REMOVED'!E6 -> #N/A | F6: ='IDENTIFICATION - REMOVED'!F6 -> #N/A | G6: ='IDENTIFICATION - REMOVED'!G6 -> #N/A | H6: ='IDENTIFICATION - REMOVED'!H6 -> #N/A | ... L6: ='IDENTIFICATION - REMOVED'!L6 -> 0 | M6: ='IDENTIFICATION - REMOVED'!M8 -> 0 | N6: ='IDENTIFICATION - REMOVED'!N8 -> 0 | O6: X | P6: Probably | Q6: Y | R6: Probably | S6: Yes
A7: ='IDENTIFICATION - REMOVED'!A7 -> #N/A | B7: ='IDENTIFICATION - REMOVED'!B7 -> #N/A | C7: ='IDENTIFICATION - REMOVED'!C7 -> #N/A | D7: ='IDENTIFICATION - REMOVED'!D7 -> #N/A | E7: ='IDENTIFICATION - REMOVED'!E7 -> #N/A | F7: ='IDENTIFICATION - REMOVED'!F7 -> #N/A | G7: ='IDENTIFICATION - REMOVED'!G7 -> #N/A | H7: ='IDENTIFICATION - REMOVED'!H7 -> #N/A | ... L7: ='IDENTIFICATION - REMOVED'!L7 -> 0 | M7: ='IDENTIFICATION - REMOVED'!M9 -> 0 | N7: ='IDENTIFICATION - REMOVED'!N9 -> 0 | O7: X | P7: Probably | Q7: Y | R7: Yes | S7: Yes
A8: ='IDENTIFICATION - REMOVED'!A8 -> #N/A | B8: ='IDENTIFICATION - REMOVED'!B8 -> #N/A | C8: ='IDENTIFICATION - REMOVED'!C8 -> #N/A | D8: ='IDENTIFICATION - REMOVED'!D8 -> #N/A | E8: ='IDENTIFICATION - REMOVED'!E8 -> #N/A | F8: ='IDENTIFICATION - REMOVED'!F8 -> #N/A | G8: ='IDENTIFICATION - REMOVED'!G8 -> #N/A | H8: ='IDENTIFICATION - REMOVED'!H8 -> #N/A | ... L8: ='IDENTIFICATION - REMOVED'!L8 -> 0 | M8: ='IDENTIFICATION - REMOVED'!M10 -> 0 | N8: ='IDENTIFICATION - REMOVED'!N10 -> 0 | O8: X | P8: Yes | Q8: Y | R8: Yes | S8: Yes
A9: ='IDENTIFICATION - REMOVED'!A9 -> #N/A | B9: ='IDENTIFICATION - REMOVED'!B9 -> #N/A | C9: ='IDENTIFICATION - REMOVED'!C9 -> #N/A | D9: ='IDENTIFICATION - REMOVED'!D9 -> #N/A | E9: ='IDENTIFICATION - REMOVED'!E9 -> #N/A | F9: ='IDENTIFICATION - REMOVED'!F9 -> #N/A | G9: ='IDENTIFICATION - REMOVED'!G9 -> #N/A | H9: ='IDENTIFICATION - REMOVED'!H9 -> #N/A | ... L9: ='IDENTIFICATION - REMOVED'!L9 -> 0 | M9: ='IDENTIFICATION - REMOVED'!M11 -> 0 | N9: ='IDENTIFICATION - REMOVED'!N11 -> 0 | O9: X | P9: Probably | Q9: Y | R9: Probably | S9: Yes
A10: ='IDENTIFICATION - REMOVED'!A10 -> #N/A | B10: ='IDENTIFICATION - REMOVED'!B10 -> #N/A | C10: ='IDENTIFICATION - REMOVED'!C10 -> #N/A | D10: ='IDENTIFICATION - REMOVED'!D10 -> #N/A | E10: ='IDENTIFICATION - REMOVED'!E10 -> #N/A | F10: ='IDENTIFICATION - REMOVED'!F10 -> #N/A | G10: ='IDENTIFICATION - REMOVED'!G10 -> #N/A | H10: ='IDENTIFICATION - REMOVED'!H10 -> #N/A | ... L10: ='IDENTIFICATION - REMOVED'!L10 -> 0 | M10: ='IDENTIFICATION - REMOVED'!M12 -> 0 | N10: ='IDENTIFICATION - REMOVED'!N12 -> 0 | O10: X | P10: Yes | Q10: Y | R10: Yes | S10: Yes
A11: ='IDENTIFICATION - REMOVED'!A11 -> #N/A | B11: ='IDENTIFICATION - REMOVED'!B11 -> #N/A | C11: ='IDENTIFICATION - REMOVED'!C11 -> #N/A | D11: ='IDENTIFICATION - REMOVED'!D11 -> #N/A | E11: ='IDENTIFICATION - REMOVED'!E11 -> #N/A | F11: ='IDENTIFICATION - REMOVED'!F11 -> #N/A | G11: ='IDENTIFICATION - REMOVED'!G11 -> #N/A | H11: ='IDENTIFICATION - REMOVED'!H11 -> #N/A | ... L11: ='IDENTIFICATION - REMOVED'!L11 -> 0 | M11: ='IDENTIFICATION - REMOVED'!M13 -> 0 | N11: ='IDENTIFICATION - REMOVED'!N13 -> 0 | O11: X | P11: Probably | Q11: Y | R11: Yes | S11: Yes
A12: ='IDENTIFICATION - REMOVED'!A12 -> #N/A | B12: ='IDENTIFICATION - REMOVED'!B12 -> #N/A | C12: ='IDENTIFICATION - REMOVED'!C12 -> #N/A | D12: ='IDENTIFICATION - REMOVED'!D12 -> #N/A | E12: ='IDENTIFICATION - REMOVED'!E12 -> #N/A | F12: ='IDENTIFICATION - REMOVED'!F12 -> #N/A | G12: ='IDENTIFICATION - REMOVED'!G12 -> #N/A | H12: ='IDENTIFICATION - REMOVED'!H12 -> #N/A | ... L12: ='IDENTIFICATION - REMOVED'!L12 -> 0 | M12: ='IDENTIFICATION - REMOVED'!M14 -> 0 | N12: ='IDENTIFICATION - REMOVED'!N14 -> 0 | O12: X | P12: Yes | Q12: Y | R12: Yes | S12: Yes
A13: ='IDENTIFICATION - REMOVED'!A13 -> #N/A | B13: ='IDENTIFICATION - REMOVED'!B13 -> #N/A | C13: ='IDENTIFICATION - REMOVED'!C13 -> #N/A | D13: ='IDENTIFICATION - REMOVED'!D13 -> #N/A | E13: ='IDENTIFICATION - REMOVED'!E13 -> #N/A | F13: ='IDENTIFICATION - REMOVED'!F13 -> #N/A | G13: ='IDENTIFICATION - REMOVED'!G13 -> #N/A | H13: ='IDENTIFICATION - REMOVED'!H13 -> #N/A | ... L13: ='IDENTIFICATION - REMOVED'!L13 -> 0 | M13: ='IDENTIFICATION - REMOVED'!M15 -> 0 | N13: ='IDENTIFICATION - REMOVED'!N15 -> 0 | O13: X | P13: Probably | Q13: Y | R13: Yes | S13: Yes
... A91: ='IDENTIFICATION - REMOVED'!A91 -> #N/A | B91: ='IDENTIFICATION - REMOVED'!B91 -> #N/A | C91: ='IDENTIFICATION - REMOVED'!C91 -> #N/A | D91: ='IDENTIFICATION - REMOVED'!D91 -> #N/A | E91: ='IDENTIFICATION - REMOVED'!E91 -> #N/A | F91: ='IDENTIFICATION - REMOVED'!F91 -> #N/A | G91: ='IDENTIFICATION - REMOVED'!G91 -> #N/A | H91: ='IDENTIFICATION - REMOVED'!H91 -> #N/A | ... L91: ='IDENTIFICATION - REMOVED'!L91 -> 0 | M91: ='IDENTIFICATION - REMOVED'!M93 -> 0 | N91: ='IDENTIFICATION - REMOVED'!N93 -> 0 | O91: X | P91: Probably | Q91: Y | R91: Probably | S91: Yes
A92: ='IDENTIFICATION - REMOVED'!A92 -> #N/A | B92: ='IDENTIFICATION - REMOVED'!B92 -> #N/A | C92: ='IDENTIFICATION - REMOVED'!C92 -> #N/A | D92: ='IDENTIFICATION - REMOVED'!D92 -> #N/A | E92: ='IDENTIFICATION - REMOVED'!E92 -> #N/A | F92: ='IDENTIFICATION - REMOVED'!F92 -> #N/A | G92: ='IDENTIFICATION - REMOVED'!G92 -> #N/A | H92: ='IDENTIFICATION - REMOVED'!H92 -> #N/A | ... L92: ='IDENTIFICATION - REMOVED'!L92 -> 0 | M92: ='IDENTIFICATION - REMOVED'!M94 -> 0 | N92: ='IDENTIFICATION - REMOVED'!N94 -> 0 | O92: X | P92: Yes | Q92: Y | R92: Yes | S92: Not | T92: Contenido controversial y divisivo innecesario.
A93: ='IDENTIFICATION - REMOVED'!A93 -> #N/A | B93: ='IDENTIFICATION - REMOVED'!B93 -> #N/A | C93: ='IDENTIFICATION - REMOVED'!C93 -> #N/A | D93: ='IDENTIFICATION - REMOVED'!D93 -> #N/A | E93: ='IDENTIFICATION - REMOVED'!E93 -> #N/A | F93: ='IDENTIFICATION - REMOVED'!F93 -> #N/A | G93: ='IDENTIFICATION - REMOVED'!G93 -> #N/A | H93: ='IDENTIFICATION - REMOVED'!H93 -> #N/A | ... L93: ='IDENTIFICATION - REMOVED'!L93 -> 0 | M93: ='IDENTIFICATION - REMOVED'!M95 -> 0 | N93: ='IDENTIFICATION - REMOVED'!N95 -> 0 | O93: X | P93: Probably | Q93: Y | R93: Probably | S93: Not | T93: Costos elevados para incluirlo.
A94: ='IDENTIFICATION - REMOVED'!A94 -> #N/A | B94: ='IDENTIFICATION - REMOVED'!B94 -> #N/A | C94: ='IDENTIFICATION - REMOVED'!C94 -> #N/A | D94: ='IDENTIFICATION - REMOVED'!D94 -> #N/A | E94: ='IDENTIFICATION - REMOVED'!E94 -> #N/A | F94: ='IDENTIFICATION - REMOVED'!F94 -> #N/A | G94: ='IDENTIFICATION - REMOVED'!G94 -> #N/A | H94: ='IDENTIFICATION - REMOVED'!H94 -> #N/A | ... L94: ='IDENTIFICATION - REMOVED'!L94 -> 0 | M94: ='IDENTIFICATION - REMOVED'!M96 -> 0 | N94: ='IDENTIFICATION - REMOVED'!N96 -> 0 | O94: X | P94: Yes | Q94: Y | R94: Yes | S94: Not | T94: Problemas de accesibilidad y distribución.
A95: ='IDENTIFICATION - REMOVED'!A95 -> #N/A | B95: ='IDENTIFICATION - REMOVED'!B95 -> #N/A | C95: ='IDENTIFICATION - REMOVED'!C95 -> #N/A | D95: ='IDENTIFICATION - REMOVED'!D95 -> #N/A | E95: ='IDENTIFICATION - REMOVED'!E95 -> #N/A | F95: ='IDENTIFICATION - REMOVED'!F95 -> #N/A | G95: ='IDENTIFICATION - REMOVED'!G95 -> #N/A | H95: ='IDENTIFICATION - REMOVED'!H95 -> #N/A | ... L95: ='IDENTIFICATION - REMOVED'!L95 -> 0 | M95: ='IDENTIFICATION - REMOVED'!M97 -> 0 | N95: ='IDENTIFICATION - REMOVED'!N97 -> 0 | O95: X | P95: Probably | Q95: Y | R95: Probably | S95: Not | T95: Complejidad excesiva para el público.
A96: ='IDENTIFICATION - REMOVED'!A96 -> #N/A | B96: ='IDENTIFICATION - REMOVED'!B96 -> #N/A | C96: ='IDENTIFICATION - REMOVED'!C96 -> #N/A | D96: ='IDENTIFICATION - REMOVED'!D96 -> #N/A | E96: ='IDENTIFICATION - REMOVED'!E96 -> #N/A | F96: ='IDENTIFICATION - REMOVED'!F96 -> #N/A | G96: ='IDENTIFICATION - REMOVED'!G96 -> #N/A | H96: ='IDENTIFICATION - REMOVED'!H96 -> #N/A | ... L96: ='IDENTIFICATION - REMOVED'!L96 -> 0 | M96: ='IDENTIFICATION - REMOVED'!M98 -> 0 | N96: ='IDENTIFICATION - REMOVED'!N98 -> 0 | O96: X | P96: Yes | Q96: Y | R96: Yes | S96: Not | T96: Contenía información confidencial sensible.
A97: ='IDENTIFICATION - REMOVED'!A97 -> #N/A | B97: ='IDENTIFICATION - REMOVED'!B97 -> #N/A | C97: ='IDENTIFICATION - REMOVED'!C97 -> #N/A | D97: ='IDENTIFICATION - REMOVED'!D97 -> #N/A | E97: ='IDENTIFICATION - REMOVED'!E97 -> #N/A | F97: ='IDENTIFICATION - REMOVED'!F97 -> #N/A | G97: ='IDENTIFICATION - REMOVED'!G97 -> #N/A | H97: ='IDENTIFICATION - REMOVED'!H97 -> #N/A | ... L97: ='IDENTIFICATION - REMOVED'!L97 -> 0 | M97: ='IDENTIFICATION - REMOVED'!M99 -> 0 | N97: ='IDENTIFICATION - REMOVED'!N99 -> 0 | O97: X | P97: Probably | Q97: Y | R97: Probably | S97: Not | T97: Relevancia limitada para el propósito.
A98: ='IDENTIFICATION - REMOVED'!A98 -> #N/A | B98: ='IDENTIFICATION - REMOVED'!B98 -> #N/A | C98: ='IDENTIFICATION - REMOVED'!C98 -> #N/A | D98: ='IDENTIFICATION - REMOVED'!D98 -> #N/A | E98: ='IDENTIFICATION - REMOVED'!E98 -> #N/A | F98: ='IDENTIFICATION - REMOVED'!F98 -> #N/A | G98: ='IDENTIFICATION - REMOVED'!G98 -> #N/A | H98: ='IDENTIFICATION - REMOVED'!H98 -> #N/A | ... L98: ='IDENTIFICATION - REMOVED'!L98 -> 0 | M98: ='IDENTIFICATION - REMOVED'!M100 -> 0 | N98: ='IDENTIFICATION - REMOVED'!N100 -> 0 | O98: X | P98: Probably | Q98: Y | R98: Probably | S98: Not | T98: Falta de originalidad evidente.
A99: ='IDENTIFICATION - REMOVED'!A99 -> #N/A | B99: ='IDENTIFICATION - REMOVED'!B99 -> #N/A | C99: ='IDENTIFICATION - REMOVED'!C99 -> #N/A | D99: ='IDENTIFICATION - REMOVED'!D99 -> #N/A | E99: ='IDENTIFICATION - REMOVED'!E99 -> #N/A | F99: ='IDENTIFICATION - REMOVED'!F99 -> #N/A | G99: ='IDENTIFICATION - REMOVED'!G99 -> #N/A | H99: ='IDENTIFICATION - REMOVED'!H99 -> #N/A | ... L99: ='IDENTIFICATION - REMOVED'!L99 -> 0 | M99: ='IDENTIFICATION - REMOVED'!M101 -> 0 | N99: ='IDENTIFICATION - REMOVED'!N101 -> 0 | O99: X | P99: Yes | Q99: Y | R99: Yes | S99: Not | T99: Potencial para malinterpretaciones serias.
A100: ='IDENTIFICATION - REMOVED'!A100 -> #N/A | B100: ='IDENTIFICATION - REMOVED'!B100 -> #N/A | C100: ='IDENTIFICATION - REMOVED'!C100 -> #N/A | D100: ='IDENTIFICATION - REMOVED'!D100 -> #N/A | E100: ='IDENTIFICATION - REMOVED'!E100 -> #N/A | F100: ='IDENTIFICATION - REMOVED'!F100 -> #N/A | G100: ='IDENTIFICATION - REMOVED'!G100 -> #N/A | H100: ='IDENTIFICATION - REMOVED'!H100 -> #N/A | ... L100: ='IDENTIFICATION - REMOVED'!L100 -> 0 | M100: ='IDENTIFICATION - REMOVED'!M102 -> 0 | N100: ='IDENTIFICATION - REMOVED'!N102 -> 0 | O100: X | P100: Yes | Q100: Y | R100: Yes | S100: Not | T100: Inconsistencias en los datos encontrados.
A101: ='IDENTIFICATION - REMOVED'!A101 -> #N/A | B101: ='IDENTIFICATION - REMOVED'!B101 -> #N/A | C101: ='IDENTIFICATION - REMOVED'!C101 -> #N/A | D101: ='IDENTIFICATION - REMOVED'!D101 -> #N/A | E101: ='IDENTIFICATION - REMOVED'!E101 -> #N/A | F101: ='IDENTIFICATION - REMOVED'!F101 -> #N/A | G101: ='IDENTIFICATION - REMOVED'!G101 -> #N/A | H101: ='IDENTIFICATION - REMOVED'!H101 -> #N/A | ... L101: ='IDENTIFICATION - REMOVED'!L101 -> 0 | M101: ='IDENTIFICATION - REMOVED'!M103 -> 0 | N101: ='IDENTIFICATION - REMOVED'!N103 -> 0 | O101: X | P101: Probably | Q101: Y | R101: Probably | S101: Not | T101: Longitud excesiva y sin enfoque.
A102: ='IDENTIFICATION - REMOVED'!A102 -> #N/A | B102: ='IDENTIFICATION - REMOVED'!B102 -> #N/A | C102: ='IDENTIFICATION - REMOVED'!C102 -> #N/A | D102: ='IDENTIFICATION - REMOVED'!D102 -> #N/A | E102: ='IDENTIFICATION - REMOVED'!E102 -> #N/A | F102: ='IDENTIFICATION - REMOVED'!F102 -> #N/A | G102: ='IDENTIFICATION - REMOVED'!G102 -> #N/A | H102: ='IDENTIFICATION - REMOVED'!H102 -> #N/A | ... L102: ='IDENTIFICATION - REMOVED'!L102 -> 0 | M102: ='IDENTIFICATION - REMOVED'!M104 -> 0 | N102: ='IDENTIFICATION - REMOVED'!N104 -> 0 | O102: X | P102: Probably | Q102: Y | R102: Probably | S102: Not | T102: Contenido controversial y divisivo innecesario.
A103: ='IDENTIFICATION - REMOVED'!A103 -> #N/A | B103: ='IDENTIFICATION - REMOVED'!B103 -> #N/A | C103: ='IDENTIFICATION - REMOVED'!C103 -> #N/A | D103: ='IDENTIFICATION - REMOVED'!D103 -> #N/A | E103: ='IDENTIFICATION - REMOVED'!E103 -> #N/A | F103: ='IDENTIFICATION - REMOVED'!F103 -> #N/A | G103: ='IDENTIFICATION - REMOVED'!G103 -> #N/A | H103: ='IDENTIFICATION - REMOVED'!H103 -> #N/A | ... L103: ='IDENTIFICATION - REMOVED'!L103 -> 0 | M103: ='IDENTIFICATION - REMOVED'!M105 -> 0 | N103: ='IDENTIFICATION - REMOVED'!N105 -> 0 | O103: X | P103: Yes | Q103: Y | R103: Yes | S103: Not | T103: Carecía de fuentes confiables mencionadas.
... A1000: ='IDENTIFICATION - REMOVED'!A1000 -> #N/A | B1000: ='IDENTIFICATION - REMOVED'!B1000 -> #N/A | C1000: ='IDENTIFICATION - REMOVED'!C1000 -> #N/A | D1000: ='IDENTIFICATION - REMOVED'!D1000 -> #N/A | E1000: ='IDENTIFICATION - REMOVED'!E1000 -> #N/A | F1000: ='IDENTIFICATION - REMOVED'!F1000 -> #N/A | G1000: ='IDENTIFICATION - REMOVED'!G1000 -> #N/A | H1000: ='IDENTIFICATION - REMOVED'!H1000 -> #N/A | ... L1000: ='IDENTIFICATION - REMOVED'!L1000 -> 0 | M1000: ='IDENTIFICATION - REMOVED'!M1002 -> 0 | N1000: ='IDENTIFICATION - REMOVED'!N1002 -> 0 | O1000: X | P1000: Probably | Q1000: Y | R1000: Not | S1000: Not | T1000: Complejidad excesiva para el público.

Sheet SCREENING - RETRIEVED
A1: Authors | B1: Title | C1: Year | D1: Journal | E1: Abstract | F1: Keywords | G1: Publisher/Editorial | H1: Language | I1: Document Type | J1: Cited by | K1: DOI | L1: City of publication | M1: Country of study | N1: Scopus | O1: WOS | P1: ¿Documento recuperado? | Q1: OBSERVACIÓN 2 ¿Por qué no se pudo recuperar el documento?
A2: ='SCREENING - EXCLUDED'!A2 -> #N/A | B2: ='SCREENING - EXCLUDED'!B2 -> #N/A | C2: ='SCREENING - EXCLUDED'!C2 -> #N/A | D2: ='SCREENING - EXCLUDED'!D2 -> #N/A | E2: ='SCREENING - EXCLUDED'!E2 -> #N/A | F2: ='SCREENING - EXCLUDED'!F2 -> #N/A | G2: ='SCREENING - EXCLUDED'!G2 -> #N/A | H2: ='SCREENING - EXCLUDED'!H2 -> #N/A | ... M2: ='SCREENING - EXCLUDED'!M2 -> 0 | N2: X | P2: Yes
A3: ='SCREENING - EXCLUDED'!A3 -> #N/A | B3: ='SCREENING - EXCLUDED'!B3 -> #N/A | C3: ='SCREENING - EXCLUDED'!C3 -> #N/A | D3: ='SCREENING - EXCLUDED'!D3 -> #N/A | E3: ='SCREENING - EXCLUDED'!E3 -> #N/A | F3: ='SCREENING - EXCLUDED'!F3 -> #N/A | G3: ='SCREENING - EXCLUDED'!G3 -> #N/A | H3: ='SCREENING - EXCLUDED'!H3 -> #N/A | ... M3: ='SCREENING - EXCLUDED'!M3 -> 0 | N3: X | P3: Yes
A4: ='SCREENING - EXCLUDED'!A4 -> #N/A | B4: ='SCREENING - EXCLUDED'!B4 -> #N/A | C4: ='SCREENING - EXCLUDED'!C4 -> #N/A | D4: ='SCREENING - EXCLUDED'!D4 -> #N/A | E4: ='SCREENING - EXCLUDED'!E4 -> #N/A | F4: ='SCREENING - EXCLUDED'!F4 -> #N/A | G4: ='SCREENING - EXCLUDED'!G4 -> #N/A | H4: ='SCREENING - EXCLUDED'!H4 -> #N/A | ... M4: ='SCREENING - EXCLUDED'!M4 -> 0 | N4: X | P4: Yes
A5: ='SCREENING - EXCLUDED'!A5 -> #N/A | B5: ='SCREENING - EXCLUDED'!B5 -> #N/A | C5: ='SCREENING - EXCLUDED'!C5 -> #N/A | D5: ='SCREENING - EXCLUDED'!D5 -> #N/A | E5: ='SCREENING - EXCLUDED'!E5 -> #N/A | F5: ='SCREENING - EXCLUDED'!F5 -> #N/A | G5: ='SCREENING - EXCLUDED'!G5 -> #N/A | H5: ='SCREENING - EXCLUDED'!H5 -> #N/A | ... M5: ='SCREENING - EXCLUDED'!M5 -> 0 | N5: X | P5: Yes
A6: ='SCREENING - EXCLUDED'!A6 -> #N/A | B6: ='SCREENING - EXCLUDED'!B6 -> #N/A | C6: ='SCREENING - EXCLUDED'!C6 -> #N/A | D6: ='SCREENING - EXCLUDED'!D6 -> #N/A | E6: ='SCREENING - EXCLUDED'!E6 -> #N/A | F6: ='SCREENING - EXCLUDED'!F6 -> #N/A | G6: ='SCREENING - EXCLUDED'!G6 -> #N/A | H6: ='SCREENING - EXCLUDED'!H6 -> #N/A | ... M6: ='SCREENING - EXCLUDED'!M6 -> 0 | N6: X | P6: Yes
A7: ='SCREENING - EXCLUDED'!A7 -> #N/A | B7: ='SCREENING - EXCLUDED'!B7 -> #N/A | C7: ='SCREENING - EXCLUDED'!C7 -> #N/A | D7: ='SCREENING - EXCLUDED'!D7 -> #N/A | E7: ='SCREENING - EXCLUDED'!E7 -> #N/A | F7: ='SCREENING - EXCLUDED'!F7 -> #N/A | G7: ='SCREENING - EXCLUDED'!G7 -> #N/A | H7: ='SCREENING - EXCLUDED'!H7 -> #N/A | ... M7: ='SCREENING - EXCLUDED'!M7 -> 0 | N7: X | P7: Yes
A8: ='SCREENING - EXCLUDED'!A8 -> #N/A | B8: ='SCREENING - EXCLUDED'!B8 -> #N/A | C8: ='SCREENING - EXCLUDED'!C8 -> #N/A | D8: ='SCREENING - EXCLUDED'!D8 -> #N/A | E8: ='SCREENING - EXCLUDED'!E8 -> #N/A | F8: ='SCREENING - EXCLUDED'!F8 -> #N/A | G8: ='SCREENING - EXCLUDED'!G8 -> #N/A | H8: ='SCREENING - EXCLUDED'!H8 -> #N/A | ... M8: ='SCREENING - EXCLUDED'!M8 -> 0 | N8: X | P8: Yes
A9: ='SCREENING - EXCLUDED'!A9 -> #N/A | B9: ='SCREENING - EXCLUDED'!B9 -> #N/A | C9: ='SCREENING - EXCLUDED'!C9 -> #N/A | D9: ='SCREENING - EXCLUDED'!D9 -> #N/A | E9: ='SCREENING - EXCLUDED'!E9 -> #N/A | F9: ='SCREENING - EXCLUDED'!F9 -> #N/A | G9: ='SCREENING - EXCLUDED'!G9 -> #N/A | H9: ='SCREENING - EXCLUDED'!H9 -> #N/A | ... M9: ='SCREENING - EXCLUDED'!M9 -> 0 | N9: X | P9: Yes
A10: ='SCREENING - EXCLUDED'!A10 -> #N/A | B10: ='SCREENING - EXCLUDED'!B10 -> #N/A | C10: ='SCREENING - EXCLUDED'!C10 -> #N/A | D10: ='SCREENING - EXCLUDED'!D10 -> #N/A | E10: ='SCREENING - EXCLUDED'!E10 -> #N/A | F10: ='SCREENING - EXCLUDED'!F10 -> #N/A | G10: ='SCREENING - EXCLUDED'!G10 -> #N/A | H10: ='SCREENING - EXCLUDED'!H10 -> #N/A | ... M10: ='SCREENING - EXCLUDED'!M10 -> 0 | N10: X | P10: Yes
A11: ='SCREENING - EXCLUDED'!A11 -> #N/A | B11: ='SCREENING - EXCLUDED'!B11 -> #N/A | C11: ='SCREENING - EXCLUDED'!C11 -> #N/A | D11: ='SCREENING - EXCLUDED'!D11 -> #N/A | E11: ='SCREENING - EXCLUDED'!E11 -> #N/A | F11: ='SCREENING - EXCLUDED'!F11 -> #N/A | G11: ='SCREENING - EXCLUDED'!G11 -> #N/A | H11: ='SCREENING - EXCLUDED'!H11 -> #N/A | ... M11: ='SCREENING - EXCLUDED'!M11 -> 0 | N11: X | P11: Yes
A12: ='SCREENING - EXCLUDED'!A12 -> #N/A | B12: ='SCREENING - EXCLUDED'!B12 -> #N/A | C12: ='SCREENING - EXCLUDED'!C12 -> #N/A | D12: ='SCREENING - EXCLUDED'!D12 -> #N/A | E12: ='SCREENING - EXCLUDED'!E12 -> #N/A | F12: ='SCREENING - EXCLUDED'!F12 -> #N/A | G12: ='SCREENING - EXCLUDED'!G12 -> #N/A | H12: ='SCREENING - EXCLUDED'!H12 -> #N/A | ... M12: ='SCREENING - EXCLUDED'!M12 -> 0 | N12: X | P12: Yes
A13: ='SCREENING - EXCLUDED'!A13 -> #N/A | B13: ='SCREENING - EXCLUDED'!B13 -> #N/A | C13: ='SCREENING - EXCLUDED'!C13 -> #N/A | D13: ='SCREENING - EXCLUDED'!D13 -> #N/A | E13: ='SCREENING - EXCLUDED'!E13 -> #N/A | F13: ='SCREENING - EXCLUDED'!F13 -> #N/A | G13: ='SCREENING - EXCLUDED'!G13 -> #N/A | H13: ='SCREENING - EXCLUDED'!H13 -> #N/A | ... M13: ='SCREENING - EXCLUDED'!M13 -> 0 | N13: X | P13: Yes
... A101: ='SCREENING - EXCLUDED'!A101 -> #N/A | B101: ='SCREENING - EXCLUDED'!B101 -> #N/A | C101: ='SCREENING - EXCLUDED'!C101 -> #N/A | D101: ='SCREENING - EXCLUDED'!D101 -> #N/A | E101: ='SCREENING - EXCLUDED'!E101 -> #N/A | F101: ='SCREENING - EXCLUDED'!F101 -> #N/A | G101: ='SCREENING - EXCLUDED'!G101 -> #N/A | H101: ='SCREENING - EXCLUDED'!H101 -> #N/A | ... M101: ='SCREENING - EXCLUDED'!M101 -> 0 | N101: X | P101: Yes
A102: ='SCREENING - EXCLUDED'!A102 -> #N/A | B102: ='SCREENING - EXCLUDED'!B102 -> #N/A | C102: ='SCREENING - EXCLUDED'!C102 -> #N/A | D102: ='SCREENING - EXCLUDED'!D102 -> #N/A | E102: ='SCREENING - EXCLUDED'!E102 -> #N/A | F102: ='SCREENING - EXCLUDED'!F102 -> #N/A | G102: ='SCREENING - EXCLUDED'!G102 -> #N/A | H102: ='SCREENING - EXCLUDED'!H102 -> #N/A | ... M102: ='SCREENING - EXCLUDED'!M102 -> 0 | O102: X | P102: Yes
A103: ='SCREENING - EXCLUDED'!A103 -> #N/A | B103: ='SCREENING - EXCLUDED'!B103 -> #N/A | C103: ='SCREENING - EXCLUDED'!C103 -> #N/A | D103: ='SCREENING - EXCLUDED'!D103 -> #N/A | E103: ='SCREENING - EXCLUDED'!E103 -> #N/A | F103: ='SCREENING - EXCLUDED'!F103 -> #N/A | G103: ='SCREENING - EXCLUDED'!G103 -> #N/A | H103: ='SCREENING - EXCLUDED'!H103 -> #N/A | ... M103: ='SCREENING - EXCLUDED'!M103 -> 0 | O103: X | P103: Yes
A104: ='SCREENING - EXCLUDED'!A104 -> #N/A | B104: ='SCREENING - EXCLUDED'!B104 -> #N/A | C104: ='SCREENING - EXCLUDED'!C104 -> #N/A | D104: ='SCREENING - EXCLUDED'!D104 -> #N/A | E104: ='SCREENING - EXCLUDED'!E104 -> #N/A | F104: ='SCREENING - EXCLUDED'!F104 -> #N/A | G104: ='SCREENING - EXCLUDED'!G104 -> #N/A | H104: ='SCREENING - EXCLUDED'!H104 -> #N/A | ... M104: ='SCREENING - EXCLUDED'!M104 -> 0 | O104: X | P104: Yes
A105: ='SCREENING - EXCLUDED'!A105 -> #N/A | B105: ='SCREENING - EXCLUDED'!B105 -> #N/A | C105: ='SCREENING - EXCLUDED'!C105 -> #N/A | D105: ='SCREENING - EXCLUDED'!D105 -> #N/A | E105: ='SCREENING - EXCLUDED'!E105 -> #N/A | F105: ='SCREENING - EXCLUDED'!F105 -> #N/A | G105: ='SCREENING - EXCLUDED'!G105 -> #N/A | H105: ='SCREENING - EXCLUDED'!H105 -> #N/A | ... M105: ='SCREENING - EXCLUDED'!M105 -> 0 | O105: X | P105: Yes
A106: ='SCREENING - EXCLUDED'!A106 -> #N/A | B106: ='SCREENING - EXCLUDED'!B106 -> #N/A | C106: ='SCREENING - EXCLUDED'!C106 -> #N/A | D106: ='SCREENING - EXCLUDED'!D106 -> #N/A | E106: ='SCREENING - EXCLUDED'!E106 -> #N/A | F106: ='SCREENING - EXCLUDED'!F106 -> #N/A | G106: ='SCREENING - EXCLUDED'!G106 -> #N/A | H106: ='SCREENING - EXCLUDED'!H106 -> #N/A | ... M106: ='SCREENING - EXCLUDED'!M106 -> 0 | O106: X | P106: Yes
A107: ='SCREENING - EXCLUDED'!A107 -> #N/A | B107: ='SCREENING - EXCLUDED'!B107 -> #N/A | C107: ='SCREENING - EXCLUDED'!C107 -> #N/A | D107: ='SCREENING - EXCLUDED'!D107 -> #N/A | E107: ='SCREENING - EXCLUDED'!E107 -> #N/A | F107: ='SCREENING - EXCLUDED'!F107 -> #N/A | G107: ='SCREENING - EXCLUDED'!G107 -> #N/A | H107: ='SCREENING - EXCLUDED'!H107 -> #N/A | ... M107: ='SCREENING - EXCLUDED'!M107 -> 0 | O107: X | P107: Yes
A108: ='SCREENING - EXCLUDED'!A108 -> #N/A | B108: ='SCREENING - EXCLUDED'!B108 -> #N/A | C108: ='SCREENING - EXCLUDED'!C108 -> #N/A | D108: ='SCREENING - EXCLUDED'!D108 -> #N/A | E108: ='SCREENING - EXCLUDED'!E108 -> #N/A | F108: ='SCREENING - EXCLUDED'!F108 -> #N/A | G108: ='SCREENING - EXCLUDED'!G108 -> #N/A | H108: ='SCREENING - EXCLUDED'!H108 -> #N/A | ... M108: ='SCREENING - EXCLUDED'!M108 -> 0 | O108: X | P108: Yes
A109: ='SCREENING - EXCLUDED'!A109 -> #N/A | B109: ='SCREENING - EXCLUDED'!B109 -> #N/A | C109: ='SCREENING - EXCLUDED'!C109 -> #N/A | D109: ='SCREENING - EXCLUDED'!D109 -> #N/A | E109: ='SCREENING - EXCLUDED'!E109 -> #N/A | F109: ='SCREENING - EXCLUDED'!F109 -> #N/A | G109: ='SCREENING - EXCLUDED'!G109 -> #N/A | H109: ='SCREENING - EXCLUDED'!H109 -> #N/A | ... M109: ='SCREENING - EXCLUDED'!M109 -> 0 | O109: X | P109: Yes
A110: ='SCREENING - EXCLUDED'!A110 -> #N/A | B110: ='SCREENING - EXCLUDED'!B110 -> #N/A | C110: ='SCREENING - EXCLUDED'!C110 -> #N/A | D110: ='SCREENING - EXCLUDED'!D110 -> #N/A | E110: ='SCREENING - EXCLUDED'!E110 -> #N/A | F110: ='SCREENING - EXCLUDED'!F110 -> #N/A | G110: ='SCREENING - EXCLUDED'!G110 -> #N/A | H110: ='SCREENING - EXCLUDED'!H110 -> #N/A | ... M110: ='SCREENING - EXCLUDED'!M110 -> 0 | O110: X | P110: Yes
A111: ='SCREENING - EXCLUDED'!A111 -> #N/A | B111: ='SCREENING - EXCLUDED'!B111 -> #N/A | C111: ='SCREENING - EXCLUDED'!C111 -> #N/A | D111: ='SCREENING - EXCLUDED'!D111 -> #N/A | E111: ='SCREENING - EXCLUDED'!E111 -> #N/A | F111: ='SCREENING - EXCLUDED'!F111 -> #N/A | G111: ='SCREENING - EXCLUDED'!G111 -> #N/A | H111: ='SCREENING - EXCLUDED'!H111 -> #N/A | ... M111: ='SCREENING - EXCLUDED'!M111 -> 0 | O111: X | P111: Yes
A112: ='SCREENING - EXCLUDED'!A112 -> #N/A | B112: ='SCREENING - EXCLUDED'!B112 -> #N/A | C112: ='SCREENING - EXCLUDED'!C112 -> #N/A | D112: ='SCREENING - EXCLUDED'!D112 -> #N/A | E112: ='SCREENING - EXCLUDED'!E112 -> #N/A | F112: ='SCREENING - EXCLUDED'!F112 -> #N/A | G112: ='SCREENING - EXCLUDED'!G112 -> #N/A | H112: ='SCREENING - EXCLUDED'!H112 -> #N/A | ... M112: ='SCREENING - EXCLUDED'!M112 -> 0 | O112: X | P112: Yes
A113: ='SCREENING - EXCLUDED'!A113 -> #N/A | B113: ='SCREENING - EXCLUDED'!B113 -> #N/A | C113: ='SCREENING - EXCLUDED'!C113 -> #N/A | D113: ='SCREENING - EXCLUDED'!D113 -> #N/A | E113: ='SCREENING - EXCLUDED'!E113 -> #N/A | F113: ='SCREENING - EXCLUDED'!F113 -> #N/A | G113: ='SCREENING - EXCLUDED'!G113 -> #N/A | H113: ='SCREENING - EXCLUDED'!H113 -> #N/A | ... M113: ='SCREENING - EXCLUDED'!M113 -> 0 | O113: X | P113: Yes
... A196: ='SCREENING - EXCLUDED'!A196 -> #N/A | B196: ='SCREENING - EXCLUDED'!B196 -> #N/A | C196: ='SCREENING - EXCLUDED'!C196 -> #N/A | D196: ='SCREENING - EXCLUDED'!D196 -> #N/A | E196: ='SCREENING - EXCLUDED'!E196 -> #N/A | F196: ='SCREENING - EXCLUDED'!F196 -> #N/A | G196: ='SCREENING - EXCLUDED'!G196 -> #N/A | H196: ='SCREENING - EXCLUDED'!H196 -> #N/A | ... M196: ='SCREENING - EXCLUDED'!M196 -> 0 | O196: X | P196: Yes
A197: ='SCREENING - EXCLUDED'!A197 -> #N/A | B197: ='SCREENING - EXCLUDED'!B197 -> #N/A | C197: ='SCREENING - EXCLUDED'!C197 -> #N/A | D197: ='SCREENING - EXCLUDED'!D197 -> #N/A | E197: ='SCREENING - EXCLUDED'!E197 -> #N/A | F197: ='SCREENING - EXCLUDED'!F197 -> #N/A | G197: ='SCREENING - EXCLUDED'!G197 -> #N/A | H197: ='SCREENING - EXCLUDED'!H197 -> #N/A | ... M197: ='SCREENING - EXCLUDED'!M197 -> 0 | O197: X
A198: ='SCREENING - EXCLUDED'!A198 -> #N/A | B198: ='SCREENING - EXCLUDED'!B198 -> #N/A | C198: ='SCREENING - EXCLUDED'!C198 -> #N/A | D198: ='SCREENING - EXCLUDED'!D198 -> #N/A | E198: ='SCREENING - EXCLUDED'!E198 -> #N/A | F198: ='SCREENING - EXCLUDED'!F198 -> #N/A | G198: ='SCREENING - EXCLUDED'!G198 -> #N/A | H198: ='SCREENING - EXCLUDED'!H198 -> #N/A | ... M198: ='SCREENING - EXCLUDED'!M198 -> 0 | O198: X
A199: ='SCREENING - EXCLUDED'!A199 -> #N/A | B199: ='SCREENING - EXCLUDED'!B199 -> #N/A | C199: ='SCREENING - EXCLUDED'!C199 -> #N/A | D199: ='SCREENING - EXCLUDED'!D199 -> #N/A | E199: ='SCREENING - EXCLUDED'!E199 -> #N/A | F199: ='SCREENING - EXCLUDED'!F199 -> #N/A | G199: ='SCREENING - EXCLUDED'!G199 -> #N/A | H199: ='SCREENING - EXCLUDED'!H199 -> #N/A | ... M199: ='SCREENING - EXCLUDED'!M199 -> 0 | O199: X
A200: ='SCREENING - EXCLUDED'!A200 -> #N/A | B200: ='SCREENING - EXCLUDED'!B200 -> #N/A | C200: ='SCREENING - EXCLUDED'!C200 -> #N/A | D200: ='SCREENING - EXCLUDED'!D200 -> #N/A | E200: ='SCREENING - EXCLUDED'!E200 -> #N/A | F200: ='SCREENING - EXCLUDED'!F200 -> #N/A | G200: ='SCREENING - EXCLUDED'!G200 -> #N/A | H200: ='SCREENING - EXCLUDED'!H200 -> #N/A | ... M200: ='SCREENING - EXCLUDED'!M200 -> 0 | O200: X

Sheet SCREENING 2- FULL TEXT EXCLUDED
A1: Authors | B1: Title | C1: Year | D1: Journal | E1: Abstract | F1: Keywords | G1: Publisher/Editorial | H1: Language | I1: Document Type | J1: Cited by | K1: DOI | L1: City of publication | M1: Country of study | N1: Scopus | O1: WOS | P1: ¿El propóstito del estudio es acorde al objetivo de la RSL? | Q1: ¿La unidad de información brinda datos relacionados al objetivo de la RSL? | R1: ¿En la conclusión, se observa alguna relación con el objetivo de la RSL? | S1: ¿El estudio presenta enfoques de gestión del cambio en las empresas? | T1: ¿Se presentan mejoras o cambios en la cultura organizacional? | U1: Evaluador 1 ¿Quién? | V1: Luego de revisar el contenido ¿El artículo está referido al tema u objetivo de la RSL? | W1: Evaluador 2 ¿Quién? | X1: Luego de revisar el contenido ¿El artículo está referido al tema u objetivo de la RSL? | Y1: Decisión final ¿Se incluye el documento? (evaluación de pares ciego) | Z1: Observaciones ¿Por qué se excluyó el documento?
A2: ='SCREENING - RETRIEVED'!A2 -> #N/A | B2: ='SCREENING - RETRIEVED'!B2 -> #N/A | C2: ='SCREENING - RETRIEVED'!C2 -> #N/A | D2: ='SCREENING - RETRIEVED'!D2 -> #N/A | E2: ='SCREENING - RETRIEVED'!E2 -> #N/A | F2: ='SCREENING - RETRIEVED'!F2 -> #N/A | G2: ='SCREENING - RETRIEVED'!G2 -> #N/A | H2: ='SCREENING - RETRIEVED'!H2 -> #N/A | I2: ='SCREENING - RETRIEVED'!I2 -> #N/A | K2: ='IDENTIFICATION - REMOVED'!J2 -> #N/A | N2: X | P2: Sí | Q2: Sí | R2: Sí | S2: Sí | T2: Sí | V2: Sí | X2: Sí | Y2: Sí
A3: ='SCREENING - RETRIEVED'!A3 -> #N/A | B3: ='SCREENING - RETRIEVED'!B3 -> #N/A | C3: ='SCREENING - RETRIEVED'!C3 -> #N/A | D3: ='SCREENING - RETRIEVED'!D3 -> #N/A | E3: ='SCREENING - RETRIEVED'!E3 -> #N/A | F3: ='SCREENING - RETRIEVED'!F3 -> #N/A | G3: ='SCREENING - RETRIEVED'!G3 -> #N/A | H3: ='SCREENING - RETRIEVED'!H3 -> #N/A | I3: ='SCREENING - RETRIEVED'!I3 -> #N/A | K3: ='IDENTIFICATION - REMOVED'!J3 -> #N/A | N3: X | P3: Sí | Q3: Sí | R3: Sí | S3: Sí | T3: Sí | V3: Sí | X3: Sí | Y3: Sí
A4: ='SCREENING - RETRIEVED'!A4 -> #N/A | B4: ='SCREENING - RETRIEVED'!B4 -> #N/A | C4: ='SCREENING - RETRIEVED'!C4 -> #N/A | D4: ='SCREENING - RETRIEVED'!D4 -> #N/A | E4: ='SCREENING - RETRIEVED'!E4 -> #N/A | F4: ='SCREENING - RETRIEVED'!F4 -> #N/A | G4: ='SCREENING - RETRIEVED'!G4 -> #N/A | H4: ='SCREENING - RETRIEVED'!H4 -> #N/A | I4: ='SCREENING - RETRIEVED'!I4 -> #N/A | K4: ='IDENTIFICATION - REMOVED'!J4 -> #N/A | L4: THOUSAND OAKS | N4: X | O4: X | P4: Sí | Q4: Sí | R4: Sí | S4: Sí | T4: Sí | V4: Sí | X4: Sí | Y4: Sí
A5: ='SCREENING - RETRIEVED'!A5 -> #N/A | B5: ='SCREENING - RETRIEVED'!B5 -> #N/A | C5: ='SCREENING - RETRIEVED'!C5 -> #N/A | D5: ='SCREENING - RETRIEVED'!D5 -> #N/A | E5: ='SCREENING - RETRIEVED'!E5 -> #N/A | F5: ='SCREENING - RETRIEVED'!F5 -> #N/A | G5: ='SCREENING - RETRIEVED'!G5 -> #N/A | H5: ='SCREENING - RETRIEVED'!H5 -> #N/A | I5: ='SCREENING - RETRIEVED'!I5 -> #N/A | K5: ='IDENTIFICATION - REMOVED'!J5 -> #N/A | L5: OXFORD | O5: X | P5: Sí | Q5: Sí | R5: Sí | S5: Sí | T5: Sí | V5: Sí | X5: Sí | Y5: Sí
A6: ='SCREENING - RETRIEVED'!A6 -> #N/A | B6: ='SCREENING - RETRIEVED'!B6 -> #N/A | C6: ='SCREENING - RETRIEVED'!C6 -> #N/A | D6: ='SCREENING - RETRIEVED'!D6 -> #N/A | E6: ='SCREENING - RETRIEVED'!E6 -> #N/A | F6: ='SCREENING - RETRIEVED'!F6 -> #N/A | G6: ='SCREENING - RETRIEVED'!G6 -> #N/A | H6: ='SCREENING - RETRIEVED'!H6 -> #N/A | I6: ='SCREENING - RETRIEVED'!I6 -> #N/A | K6: ='IDENTIFICATION - REMOVED'!J6 -> #N/A | N6: X | P6: Sí | Q6: Sí | R6: Sí | S6: Sí | T6: Sí | V6: Sí | X6: Sí | Y6: Sí
A7: ='SCREENING - RETRIEVED'!A7 -> #N/A | B7: ='SCREENING - RETRIEVED'!B7 -> #N/A | C7: ='SCREENING - RETRIEVED'!C7 -> #N/A | D7: ='SCREENING - RETRIEVED'!D7 -> #N/A | E7: ='SCREENING - RETRIEVED'!E7 -> #N/A | F7: ='SCREENING - RETRIEVED'!F7 -> #N/A | G7: ='SCREENING - RETRIEVED'!G7 -> #N/A | H7: ='SCREENING - RETRIEVED'!H7 -> #N/A | I7: ='SCREENING - RETRIEVED'!I7 -> #N/A | K7: ='IDENTIFICATION - REMOVED'!J7 -> #N/A | N7: X | P7: Sí | Q7: Sí | R7: Sí | S7: Sí | T7: Sí | V7: Sí | X7: Sí | Y7: Sí
A8: ='SCREENING - RETRIEVED'!A8 -> #N/A | B8: ='SCREENING - RETRIEVED'!B8 -> #N/A | C8: ='SCREENING - RETRIEVED'!C8 -> #N/A | D8: ='SCREENING - RETRIEVED'!D8 -> #N/A | E8: ='SCREENING - RETRIEVED'!E8 -> #N/A | F8: ='SCREENING - RETRIEVED'!F8 -> #N/A | G8: ='SCREENING - RETRIEVED'!G8 -> #N/A | H8: ='SCREENING - RETRIEVED'!H8 -> #N/A | I8: ='SCREENING - RETRIEVED'!I8 -> #N/A | K8: ='IDENTIFICATION - REMOVED'!J8 -> #N/A | L8: CARY | N8: X | O8: X | P8: Sí | Q8: Sí | R8: Sí | S8: Sí | T8: Sí | V8: Sí | X8: Sí | Y8: Sí
A9: ='SCREENING - RETRIEVED'!A9 -> #N/A | B9: ='SCREENING - RETRIEVED'!B9 -> #N/A | C9: ='SCREENING - RETRIEVED'!C9 -> #N/A | D9: ='SCREENING - RETRIEVED'!D9 -> #N/A | E9: ='SCREENING - RETRIEVED'!E9 -> #N/A | F9: ='SCREENING - RETRIEVED'!F9 -> #N/A | G9: ='SCREENING - RETRIEVED'!G9 -> #N/A | H9: ='SCREENING - RETRIEVED'!H9 -> #N/A | I9: ='SCREENING - RETRIEVED'!I9 -> #N/A | K9: ='IDENTIFICATION - REMOVED'!J9 -> #N/A | N9: X | P9: Sí | Q9: Sí | R9: Sí | S9: Sí | T9: Sí | V9: Sí | X9: Sí | Y9: Sí
A10: ='SCREENING - RETRIEVED'!A10 -> #N/A | B10: ='SCREENING - RETRIEVED'!B10 -> #N/A | C10: ='SCREENING - RETRIEVED'!C10 -> #N/A | D10: ='SCREENING - RETRIEVED'!D10 -> #N/A | E10: ='SCREENING - RETRIEVED'!E10 -> #N/A | F10: ='SCREENING - RETRIEVED'!F10 -> #N/A | G10: ='SCREENING - RETRIEVED'!G10 -> #N/A | H10: ='SCREENING - RETRIEVED'!H10 -> #N/A | I10: ='SCREENING - RETRIEVED'!I10 -> #N/A | K10: ='IDENTIFICATION - REMOVED'!J10 -> #N/A | L10: PHILADELPHIA | N10: X | O10: X | P10: Sí | Q10: Sí | R10: Sí | S10: Sí | T10: Sí | V10: Sí | X10: Sí | Y10: Sí
A11: ='SCREENING - RETRIEVED'!A11 -> #N/A | B11: ='SCREENING - RETRIEVED'!B11 -> #N/A | C11: ='SCREENING - RETRIEVED'!C11 -> #N/A | D11: ='SCREENING - RETRIEVED'!D11 -> #N/A | E11: ='SCREENING - RETRIEVED'!E11 -> #N/A | F11: ='SCREENING - RETRIEVED'!F11 -> #N/A | G11: ='SCREENING - RETRIEVED'!G11 -> #N/A | H11: ='SCREENING - RETRIEVED'!H11 -> #N/A | I11: ='SCREENING - RETRIEVED'!I11 -> #N/A | K11: ='IDENTIFICATION - REMOVED'!J11 -> #N/A | N11: X | P11: Sí | Q11: Sí | R11: Sí | S11: Sí | T11: Sí | V11: Sí | X11: Sí | Y11: Sí
A12: ='SCREENING - RETRIEVED'!A12 -> #N/A | B12: ='SCREENING - RETRIEVED'!B12 -> #N/A | C12: ='SCREENING - RETRIEVED'!C12 -> #N/A | D12: ='SCREENING - RETRIEVED'!D12 -> #N/A | E12: ='SCREENING - RETRIEVED'!E12 -> #N/A | F12: ='SCREENING - RETRIEVED'!F12 -> #N/A | G12: ='SCREENING - RETRIEVED'!G12 -> #N/A | H12: ='SCREENING - RETRIEVED'!H12 -> #N/A | I12: ='SCREENING - RETRIEVED'!I12 -> #N/A | K12: ='IDENTIFICATION - REMOVED'!J12 -> #N/A | L12: HOBOKEN | O12: X | P12: Sí | Q12: Sí | R12: Sí | S12: Sí | T12: Sí | V12: Sí | X12: Sí | Y12: Sí
A13: ='SCREENING - RETRIEVED'!A13 -> #N/A | B13: ='SCREENING - RETRIEVED'!B13 -> #N/A | C13: ='SCREENING - RETRIEVED'!C13 -> #N/A | D13: ='SCREENING - RETRIEVED'!D13 -> #N/A | E13: ='SCREENING - RETRIEVED'!E13 -> #N/A | F13: ='SCREENING - RETRIEVED'!F13 -> #N/A | G13: ='SCREENING - RETRIEVED'!G13 -> #N/A | H13: ='SCREENING - RETRIEVED'!H13 -> #N/A | I13: ='SCREENING - RETRIEVED'!I13 -> #N/A | K13: ='IDENTIFICATION - REMOVED'!J13 -> #N/A | N13: X | P13: Sí | Q13: Sí | R13: Sí | S13: Sí | T13: Sí | V13: Sí | X13: Sí | Y13: Sí
A14: ='SCREENING - RETRIEVED'!A14 -> #N/A | B14: ='SCREENING - RETRIEVED'!B14 -> #N/A | C14: ='SCREENING - RETRIEVED'!C14 -> #N/A | D14: ='SCREENING - RETRIEVED'!D14 -> #N/A | E14: ='SCREENING - RETRIEVED'!E14 -> #N/A | F14: ='SCREENING - RETRIEVED'!F14 -> #N/A | G14: ='SCREENING - RETRIEVED'!G14 -> #N/A | H14: ='SCREENING - RETRIEVED'!H14 -> #N/A | I14: ='SCREENING - RETRIEVED'!I14 -> #N/A | K14: ='IDENTIFICATION - REMOVED'!J14 -> #N/A | N14: X | P14: Sí | Q14: Sí | R14: Sí | S14: Sí | T14: Sí | V14: Sí | X14: Sí | Y14: Sí
A15: ='SCREENING - RETRIEVED'!A15 -> #N/A | B15: ='SCREENING - RETRIEVED'!B15 -> #N/A | C15: ='SCREENING - RETRIEVED'!C15 -> #N/A | D15: ='SCREENING - RETRIEVED'!D15 -> #N/A | E15: ='SCREENING - RETRIEVED'!E15 -> #N/A | F15: ='SCREENING - RETRIEVED'!F15 -> #N/A | G15: ='SCREENING - RETRIEVED'!G15 -> #N/A | H15: ='SCREENING - RETRIEVED'!H15 -> #N/A | I15: ='SCREENING - RETRIEVED'!I15 -> #N/A | K15: ='IDENTIFICATION - REMOVED'!J15 -> #N/A | N15: X | O15: X | P15: Sí | Q15: Sí | R15: Sí | S15: Sí | T15: Sí | V15: Sí | X15: Sí | Y15: Sí
A16: ='SCREENING - RETRIEVED'!A16 -> #N/A | B16: ='SCREENING - RETRIEVED'!B16 -> #N/A | C16: ='SCREENING - RETRIEVED'!C16 -> #N/A | D16: ='SCREENING - RETRIEVED'!D16 -> #N/A | E16: ='SCREENING - RETRIEVED'!E16 -> #N/A | F16: ='SCREENING - RETRIEVED'!F16 -> #N/A | G16: ='SCREENING - RETRIEVED'!G16 -> #N/A | H16: ='SCREENING - RETRIEVED'!H16 -> #N/A | I16: ='SCREENING - RETRIEVED'!I16 -> #N/A | K16: ='IDENTIFICATION - REMOVED'!J16 -> #N/A | L16: CAMBRIDGE | O16: X | P16: Sí | Q16: Sí | R16: Sí | S16: Sí | T16: Sí | V16: Sí | X16: Sí | Y16: Sí
A17: ='SCREENING - RETRIEVED'!A17 -> #N/A | B17: ='SCREENING - RETRIEVED'!B17 -> #N/A | C17: ='SCREENING - RETRIEVED'!C17 -> #N/A | D17: ='SCREENING - RETRIEVED'!D17 -> #N/A | E17: ='SCREENING - RETRIEVED'!E17 -> #N/A | F17: ='SCREENING - RETRIEVED'!F17 -> #N/A | G17: ='SCREENING - RETRIEVED'!G17 -> #N/A | H17: ='SCREENING - RETRIEVED'!H17 -> #N/A | I17: ='SCREENING - RETRIEVED'!I17 -> #N/A | K17: ='IDENTIFICATION - REMOVED'!J17 -> #N/A | N17: X | P17: Sí | Q17: Sí | R17: Sí | S17: Sí | T17: Sí | V17: Sí | X17: Sí | Y17: Sí
A18: ='SCREENING - RETRIEVED'!A18 -> #N/A | B18: ='SCREENING - RETRIEVED'!B18 -> #N/A | C18: ='SCREENING - RETRIEVED'!C18 -> #N/A | D18: ='SCREENING - RETRIEVED'!D18 -> #N/A | E18: ='SCREENING - RETRIEVED'!E18 -> #N/A | F18: ='SCREENING - RETRIEVED'!F18 -> #N/A | G18: ='SCREENING - RETRIEVED'!G18 -> #N/A | H18: ='SCREENING - RETRIEVED'!H18 -> #N/A | I18: ='SCREENING - RETRIEVED'!I18 -> #N/A | K18: ='IDENTIFICATION - REMOVED'!J18 -> #N/A | N18: X | P18: Sí | Q18: Sí | R18: Sí | S18: Sí | T18: Sí | V18: Sí | X18: Sí | Y18: Sí
A19: ='SCREENING - RETRIEVED'!A19 -> #N/A | B19: ='SCREENING - RETRIEVED'!B19 -> #N/A | C19: ='SCREENING - RETRIEVED'!C19 -> #N/A | D19: ='SCREENING - RETRIEVED'!D19 -> #N/A | E19: ='SCREENING - RETRIEVED'!E19 -> #N/A | F19: ='SCREENING - RETRIEVED'!F19 -> #N/A | G19: ='SCREENING - RETRIEVED'!G19 -> #N/A | H19: ='SCREENING - RETRIEVED'!H19 -> #N/A | I19: ='SCREENING - RETRIEVED'!I19 -> #N/A | K19: ='IDENTIFICATION - REMOVED'!J19 -> #N/A | N19: X | P19: Sí | Q19: Sí | R19: Sí | S19: Sí | T19: Sí | V19: Sí | X19: Sí | Y19: Sí
A20: ='SCREENING - RETRIEVED'!A20 -> #N/A | B20: ='SCREENING - RETRIEVED'!B20 -> #N/A | C20: ='SCREENING - RETRIEVED'!C20 -> #N/A | D20: ='SCREENING - RETRIEVED'!D20 -> #N/A | E20: ='SCREENING - RETRIEVED'!E20 -> #N/A | F20: ='SCREENING - RETRIEVED'!F20 -> #N/A | G20: ='SCREENING - RETRIEVED'!G20 -> #N/A | H20: ='SCREENING - RETRIEVED'!H20 -> #N/A | I20: ='SCREENING - RETRIEVED'!I20 -> #N/A | K20: ='IDENTIFICATION - REMOVED'!J20 -> #N/A | L20: BOGOTA DC | O20: X | P20: Sí | Q20: Sí | R20: Sí | S20: Sí | T20: Sí | V20: Sí | X20: Sí | Y20: Sí
A21: ='SCREENING - RETRIEVED'!A21 -> #N/A | B21: ='SCREENING - RETRIEVED'!B21 -> #N/A | C21: ='SCREENING - RETRIEVED'!C21 -> #N/A | D21: ='SCREENING - RETRIEVED'!D21 -> #N/A | E21: ='SCREENING - RETRIEVED'!E21 -> #N/A | F21: ='SCREENING - RETRIEVED'!F21 -> #N/A | G21: ='SCREENING - RETRIEVED'!G21 -> #N/A | H21: ='SCREENING - RETRIEVED'!H21 -> #N/A | I21: ='SCREENING - RETRIEVED'!I21 -> #N/A | K21: ='IDENTIFICATION - REMOVED'!J21 -> #N/A | N21: X | P21: Sí | Q21: Sí | R21: Sí | S21: Sí | T21: Sí | V21: Sí | X21: Sí | Y21: Sí
A22: ='SCREENING - RETRIEVED'!A22 -> #N/A | B22: ='SCREENING - RETRIEVED'!B22 -> #N/A | C22: ='SCREENING - RETRIEVED'!C22 -> #N/A | D22: ='SCREENING - RETRIEVED'!D22 -> #N/A | E22: ='SCREENING - RETRIEVED'!E22 -> #N/A | F22: ='SCREENING - RETRIEVED'!F22 -> #N/A | G22: ='SCREENING - RETRIEVED'!G22 -> #N/A | H22: ='SCREENING - RETRIEVED'!H22 -> #N/A | I22: ='SCREENING - RETRIEVED'!I22 -> #N/A | K22: ='IDENTIFICATION - REMOVED'!J22 -> #N/A | N22: X | P22: Sí | Q22: Sí | R22: Sí | S22: Sí | T22: Sí | V22: Sí | X22: Sí | Y22: Sí
A23: ='SCREENING - RETRIEVED'!A23 -> #N/A | B23: ='SCREENING - RETRIEVED'!B23 -> #N/A | C23: ='SCREENING - RETRIEVED'!C23 -> #N/A | D23: ='SCREENING - RETRIEVED'!D23 -> #N/A | E23: ='SCREENING - RETRIEVED'!E23 -> #N/A | F23: ='SCREENING - RETRIEVED'!F23 -> #N/A | G23: ='SCREENING - RETRIEVED'!G23 -> #N/A | H23: ='SCREENING - RETRIEVED'!H23 -> #N/A | I23: ='SCREENING - RETRIEVED'!I23 -> #N/A | K23: ='IDENTIFICATION - REMOVED'!J23 -> #N/A | L23: BINGLEY | N23: X | O23: X | P23: Sí | Q23: Sí | R23: Sí | S23: Sí | T23: Sí | V23: Sí | X23: Sí | Y23: Sí
A24: ='SCREENING - RETRIEVED'!A24 -> #N/A | B24: ='SCREENING - RETRIEVED'!B24 -> #N/A | C24: ='SCREENING - RETRIEVED'!C24 -> #N/A | D24: ='SCREENING - RETRIEVED'!D24 -> #N/A | E24: ='SCREENING - RETRIEVED'!E24 -> #N/A | F24: ='SCREENING - RETRIEVED'!F24 -> #N/A | G24: ='SCREENING - RETRIEVED'!G24 -> #N/A | H24: ='SCREENING - RETRIEVED'!H24 -> #N/A | I24: ='SCREENING - RETRIEVED'!I24 -> #N/A | K24: ='IDENTIFICATION - REMOVED'!J24 -> #N/A | N24: X | P24: Sí | Q24: Sí | R24: Sí | S24: Sí | T24: Sí | V24: Sí | X24: Sí | Y24: Sí
A25: ='SCREENING - RETRIEVED'!A25 -> #N/A | B25: ='SCREENING - RETRIEVED'!B25 -> #N/A | C25: ='SCREENING - RETRIEVED'!C25 -> #N/A | D25: ='SCREENING - RETRIEVED'!D25 -> #N/A | E25: ='SCREENING - RETRIEVED'!E25 -> #N/A | F25: ='SCREENING - RETRIEVED'!F25 -> #N/A | G25: ='SCREENING - RETRIEVED'!G25 -> #N/A | H25: ='SCREENING - RETRIEVED'!H25 -> #N/A | I25: ='SCREENING - RETRIEVED'!I25 -> #N/A | K25: ='IDENTIFICATION - REMOVED'!J25 -> #N/A | N25: X | P25: Sí | Q25: Sí | R25: Sí | S25: Sí | T25: Sí | V25: Sí | X25: Sí | Y25: Sí
A26: ='SCREENING - RETRIEVED'!A26 -> #N/A | B26: ='SCREENING - RETRIEVED'!B26 -> #N/A | C26: ='SCREENING - RETRIEVED'!C26 -> #N/A | D26: ='SCREENING - RETRIEVED'!D26 -> #N/A | E26: ='SCREENING - RETRIEVED'!E26 -> #N/A | F26: ='SCREENING - RETRIEVED'!F26 -> #N/A | G26: ='SCREENING - RETRIEVED'!G26 -> #N/A | H26: ='SCREENING - RETRIEVED'!H26 -> #N/A | I26: ='SCREENING - RETRIEVED'!I26 -> #N/A | K26: ='IDENTIFICATION - REMOVED'!J26 -> #N/A | L26: THOUSAND OAKS | O26: X | P26: No | Q26: No | R26: Sí | S26: No | T26: No | V26: Sí | X26: Sí | Y26: Sí
A27: ='SCREENING - RETRIEVED'!A27 -> #N/A | B27: ='SCREENING - RETRIEVED'!B27 -> #N/A | C27: ='SCREENING - RETRIEVED'!C27 -> #N/A | D27: ='SCREENING - RETRIEVED'!D27 -> #N/A | E27: ='SCREENING - RETRIEVED'!E27 -> #N/A | F27: ='SCREENING - RETRIEVED'!F27 -> #N/A | G27: ='SCREENING - RETRIEVED'!G27 -> #N/A | H27: ='SCREENING - RETRIEVED'!H27 -> #N/A | I27: ='SCREENING - RETRIEVED'!I27 -> #N/A | K27: ='IDENTIFICATION - REMOVED'!J27 -> #N/A | L27: OXFORD | O27: X | P27: Sí | Q27: Sí | R27: Sí | S27: Sí | T27: Sí | V27: Sí | X27: Sí | Y27: Sí
A28: ='SCREENING - RETRIEVED'!A28 -> #N/A | B28: ='SCREENING - RETRIEVED'!B28 -> #N/A | C28: ='SCREENING - RETRIEVED'!C28 -> #N/A | D28: ='SCREENING - RETRIEVED'!D28 -> #N/A | E28: ='SCREENING - RETRIEVED'!E28 -> #N/A | F28: ='SCREENING - RETRIEVED'!F28 -> #N/A | G28: ='SCREENING - RETRIEVED'!G28 -> #N/A | H28: ='SCREENING - RETRIEVED'!H28 -> #N/A | I28: ='SCREENING - RETRIEVED'!I28 -> #N/A | K28: ='IDENTIFICATION - REMOVED'!J28 -> #N/A | N28: X | P28: No | Q28: No | R28: Sí | S28: No | T28: No | V28: Sí | X28: Sí | Y28: Sí
A29: ='SCREENING - RETRIEVED'!A29 -> #N/A | B29: ='SCREENING - RETRIEVED'!B29 -> #N/A | C29: ='SCREENING - RETRIEVED'!C29 -> #N/A | D29: ='SCREENING - RETRIEVED'!D29 -> #N/A | E29: ='SCREENING - RETRIEVED'!E29 -> #N/A | F29: ='SCREENING - RETRIEVED'!F29 -> #N/A | G29: ='SCREENING - RETRIEVED'!G29 -> #N/A | H29: ='SCREENING - RETRIEVED'!H29 -> #N/A | I29: ='SCREENING - RETRIEVED'!I29 -> #N/A | K29: ='IDENTIFICATION - REMOVED'!J29 -> #N/A | L29: THOUSAND OAKS | N29: X | O29: X | P29: Sí | Q29: Sí | R29: Sí | S29: Sí | T29: Sí | V29: Sí | X29: Sí | Y29: Sí
A30: ='SCREENING - RETRIEVED'!A30 -> #N/A | B30: ='SCREENING - RETRIEVED'!B30 -> #N/A | C30: ='SCREENING - RETRIEVED'!C30 -> #N/A | D30: ='SCREENING - RETRIEVED'!D30 -> #N/A | E30: ='SCREENING - RETRIEVED'!E30 -> #N/A | F30: ='SCREENING - RETRIEVED'!F30 -> #N/A | G30: ='SCREENING - RETRIEVED'!G30 -> #N/A | H30: ='SCREENING - RETRIEVED'!H30 -> #N/A | I30: ='SCREENING - RETRIEVED'!I30 -> #N/A | K30: ='IDENTIFICATION - REMOVED'!J30 -> #N/A | N30: X | P30: Sí | Q30: Sí | R30: Sí | S30: Sí | T30: Sí | V30: Sí | X30: Sí | Y30: Sí
A31: ='SCREENING - RETRIEVED'!A31 -> #N/A | B31: ='SCREENING - RETRIEVED'!B31 -> #N/A | C31: ='SCREENING - RETRIEVED'!C31 -> #N/A | D31: ='SCREENING - RETRIEVED'!D31 -> #N/A | E31: ='SCREENING - RETRIEVED'!E31 -> #N/A | F31: ='SCREENING - RETRIEVED'!F31 -> #N/A | G31: ='SCREENING - RETRIEVED'!G31 -> #N/A | H31: ='SCREENING - RETRIEVED'!H31 -> #N/A | I31: ='SCREENING - RETRIEVED'!I31 -> #N/A | K31: ='IDENTIFICATION - REMOVED'!J31 -> #N/A | N31: X | P31: Sí | Q31: Sí | R31: Sí | S31: Sí | T31: Sí | V31: Sí | X31: Sí | Y31: Sí
A32: ='SCREENING - RETRIEVED'!A32 -> #N/A | B32: ='SCREENING - RETRIEVED'!B32 -> #N/A | C32: ='SCREENING - RETRIEVED'!C32 -> #N/A | D32: ='SCREENING - RETRIEVED'!D32 -> #N/A | E32: ='SCREENING - RETRIEVED'!E32 -> #N/A | F32: ='SCREENING - RETRIEVED'!F32 -> #N/A | G32: ='SCREENING - RETRIEVED'!G32 -> #N/A | H32: ='SCREENING - RETRIEVED'!H32 -> #N/A | I32: ='SCREENING - RETRIEVED'!I32 -> #N/A | K32: ='IDENTIFICATION - REMOVED'!J32 -> #N/A | N32: X | P32: Sí | Q32: Sí | R32: Sí | S32: No | T32: Sí | V32: Sí | Y32: En duda
A33: ='SCREENING - RETRIEVED'!A33 -> #N/A | B33: ='SCREENING - RETRIEVED'!B33 -> #N/A | C33: ='SCREENING - RETRIEVED'!C33 -> #N/A | D33: ='SCREENING - RETRIEVED'!D33 -> #N/A | E33: ='SCREENING - RETRIEVED'!E33 -> #N/A | F33: ='SCREENING - RETRIEVED'!F33 -> #N/A | G33: ='SCREENING - RETRIEVED'!G33 -> #N/A | H33: ='SCREENING - RETRIEVED'!H33 -> #N/A | I33: ='SCREENING - RETRIEVED'!I33 -> #N/A | K33: ='IDENTIFICATION - REMOVED'!J33 -> #N/A | N33: X | P33: Sí | Q33: Sí | R33: Sí | S33: No | T33: No | V33: Sí | Y33: En duda
A34: ='SCREENING - RETRIEVED'!A34 -> #N/A | B34: ='SCREENING - RETRIEVED'!B34 -> #N/A | C34: ='SCREENING - RETRIEVED'!C34 -> #N/A | D34: ='SCREENING - RETRIEVED'!D34 -> #N/A | E34: ='SCREENING - RETRIEVED'!E34 -> #N/A | F34: ='SCREENING - RETRIEVED'!F34 -> #N/A | G34: ='SCREENING - RETRIEVED'!G34 -> #N/A | H34: ='SCREENING - RETRIEVED'!H34 -> #N/A | I34: ='SCREENING - RETRIEVED'!I34 -> #N/A | K34: ='IDENTIFICATION - REMOVED'!J34 -> #N/A | L34: BINGLEY | N34: X | O34: X | P34: Sí | Q34: Sí | R34: Sí | S34: No | T34: No | V34: Sí | Y34: En duda
A35: ='SCREENING - RETRIEVED'!A35 -> #N/A | B35: ='SCREENING - RETRIEVED'!B35 -> #N/A | C35: ='SCREENING - RETRIEVED'!C35 -> #N/A | D35: ='SCREENING - RETRIEVED'!D35 -> #N/A | E35: ='SCREENING - RETRIEVED'!E35 -> #N/A | F35: ='SCREENING - RETRIEVED'!F35 -> #N/A | G35: ='SCREENING - RETRIEVED'!G35 -> #N/A | H35: ='SCREENING - RETRIEVED'!H35 -> #N/A | I35: ='SCREENING - RETRIEVED'!I35 -> #N/A | K35: ='IDENTIFICATION - REMOVED'!J35 -> #N/A | L35: OXFORD | N35: X | O35: X | P35: Sí | Q35: Sí | R35: Sí | S35: No | T35: No | V35: Sí | Y35: En duda
A36: ='SCREENING - RETRIEVED'!A36 -> #N/A | B36: ='SCREENING - RETRIEVED'!B36 -> #N/A | C36: ='SCREENING - RETRIEVED'!C36 -> #N/A | D36: ='SCREENING - RETRIEVED'!D36 -> #N/A | E36: ='SCREENING - RETRIEVED'!E36 -> #N/A | F36: ='SCREENING - RETRIEVED'!F36 -> #N/A | G36: ='SCREENING - RETRIEVED'!G36 -> #N/A | H36: ='SCREENING - RETRIEVED'!H36 -> #N/A | I36: ='SCREENING - RETRIEVED'!I36 -> #N/A | K36: ='IDENTIFICATION - REMOVED'!J36 -> #N/A | N36: X | P36: Sí | Q36: Sí | R36: Sí | S36: No | T36: No | V36: En duda | Y36: En duda
A37: ='SCREENING - RETRIEVED'!A37 -> #N/A | B37: ='SCREENING - RETRIEVED'!B37 -> #N/A | C37: ='SCREENING - RETRIEVED'!C37 -> #N/A | D37: ='SCREENING - RETRIEVED'!D37 -> #N/A | E37: ='SCREENING - RETRIEVED'!E37 -> #N/A | F37: ='SCREENING - RETRIEVED'!F37 -> #N/A | G37: ='SCREENING - RETRIEVED'!G37 -> #N/A | H37: ='SCREENING - RETRIEVED'!H37 -> #N/A | I37: ='SCREENING - RETRIEVED'!I37 -> #N/A | K37: ='IDENTIFICATION - REMOVED'!J37 -> #N/A | N37: X | P37: Sí | Q37: Sí | R37: Sí | S37: No | T37: No | V37: En duda | Y37: En duda
A38: ='SCREENING - RETRIEVED'!A38 -> #N/A | B38: ='SCREENING - RETRIEVED'!B38 -> #N/A | C38: ='SCREENING - RETRIEVED'!C38 -> #N/A | D38: ='SCREENING - RETRIEVED'!D38 -> #N/A | E38: ='SCREENING - RETRIEVED'!E38 -> #N/A | F38: ='SCREENING - RETRIEVED'!F38 -> #N/A | G38: ='SCREENING - RETRIEVED'!G38 -> #N/A | H38: ='SCREENING - RETRIEVED'!H38 -> #N/A | I38: ='SCREENING - RETRIEVED'!I38 -> #N/A | K38: ='IDENTIFICATION - REMOVED'!J38 -> #N/A | N38: X | P38: Sí | Q38: Sí | R38: Sí | S38: No | T38: No | V38: En duda | Y38: En duda
A39: ='SCREENING - RETRIEVED'!A39 -> #N/A | B39: ='SCREENING - RETRIEVED'!B39 -> #N/A | C39: ='SCREENING - RETRIEVED'!C39 -> #N/A | D39: ='SCREENING - RETRIEVED'!D39 -> #N/A | E39: ='SCREENING - RETRIEVED'!E39 -> #N/A | F39: ='SCREENING - RETRIEVED'!F39 -> #N/A | G39: ='SCREENING - RETRIEVED'!G39 -> #N/A | H39: ='SCREENING - RETRIEVED'!H39 -> #N/A | I39: ='SCREENING - RETRIEVED'!I39 -> #N/A | K39: ='IDENTIFICATION - REMOVED'!J39 -> #N/A | N39: X | P39: Sí | Q39: Sí | R39: Sí | S39: No | T39: No | V39: En duda | Y39: En duda
A40: ='SCREENING - RETRIEVED'!A40 -> #N/A | B40: ='SCREENING - RETRIEVED'!B40 -> #N/A | C40: ='SCREENING - RETRIEVED'!C40 -> #N/A | D40: ='SCREENING - RETRIEVED'!D40 -> #N/A | E40: ='SCREENING - RETRIEVED'!E40 -> #N/A | F40: ='SCREENING - RETRIEVED'!F40 -> #N/A | G40: ='SCREENING - RETRIEVED'!G40 -> #N/A | H40: ='SCREENING - RETRIEVED'!H40 -> #N/A | I40: ='SCREENING - RETRIEVED'!I40 -> #N/A | K40: ='IDENTIFICATION - REMOVED'!J40 -> #N/A | N40: X | P40: Sí | Q40: Sí | R40: Sí | S40: Sí | T40: No | V40: En duda | Y40: En duda
A41: ='SCREENING - RETRIEVED'!A41 -> #N/A | B41: ='SCREENING - RETRIEVED'!B41 -> #N/A | C41: ='SCREENING - RETRIEVED'!C41 -> #N/A | D41: ='SCREENING - RETRIEVED'!D41 -> #N/A | E41: ='SCREENING - RETRIEVED'!E41 -> #N/A | F41: ='SCREENING - RETRIEVED'!F41 -> #N/A | G41: ='SCREENING - RETRIEVED'!G41 -> #N/A | H41: ='SCREENING - RETRIEVED'!H41 -> #N/A | I41: ='SCREENING - RETRIEVED'!I41 -> #N/A | K41: ='IDENTIFICATION - REMOVED'!J41 -> #N/A | L41: BELGRADE | O41: X | P41: Sí | Q41: Sí | R41: Sí | S41: Sí | T41: No | V41: En duda | Y41: En duda
A42: ='SCREENING - RETRIEVED'!A42 -> #N/A | B42: ='SCREENING - RETRIEVED'!B42 -> #N/A | C42: ='SCREENING - RETRIEVED'!C42 -> #N/A | D42: ='SCREENING - RETRIEVED'!D42 -> #N/A | E42: ='SCREENING - RETRIEVED'!E42 -> #N/A | F42: ='SCREENING - RETRIEVED'!F42 -> #N/A | G42: ='SCREENING - RETRIEVED'!G42 -> #N/A | H42: ='SCREENING - RETRIEVED'!H42 -> #N/A | I42: ='SCREENING - RETRIEVED'!I42 -> #N/A | K42: ='IDENTIFICATION - REMOVED'!J42 -> #N/A | N42: X | P42: Sí | Q42: Sí | R42: Sí | S42: Sí | T42: No | V42: En duda | Y42: En duda
A43: ='SCREENING - RETRIEVED'!A43 -> #N/A | B43: ='SCREENING - RETRIEVED'!B43 -> #N/A | C43: ='SCREENING - RETRIEVED'!C43 -> #N/A | D43: ='SCREENING - RETRIEVED'!D43 -> #N/A | E43: ='SCREENING - RETRIEVED'!E43 -> #N/A | F43: ='SCREENING - RETRIEVED'!F43 -> #N/A | G43: ='SCREENING - RETRIEVED'!G43 -> #N/A | H43: ='SCREENING - RETRIEVED'!H43 -> #N/A | I43: ='SCREENING - RETRIEVED'!I43 -> #N/A | K43: ='IDENTIFICATION - REMOVED'!J43 -> #N/A | N43: X | P43: Sí | Q43: Sí | R43: Sí | S43: Sí | T43: No | V43: En duda | Y43: En duda
A44: ='SCREENING - RETRIEVED'!A44 -> #N/A | B44: ='SCREENING - RETRIEVED'!B44 -> #N/A | C44: ='SCREENING - RETRIEVED'!C44 -> #N/A | D44: ='SCREENING - RETRIEVED'!D44 -> #N/A | E44: ='SCREENING - RETRIEVED'!E44 -> #N/A | F44: ='SCREENING - RETRIEVED'!F44 -> #N/A | G44: ='SCREENING - RETRIEVED'!G44 -> #N/A | H44: ='SCREENING - RETRIEVED'!H44 -> #N/A | I44: ='SCREENING - RETRIEVED'!I44 -> #N/A | K44: ='IDENTIFICATION - REMOVED'!J44 -> #N/A | N44: X | P44: Sí | Q44: Sí | R44: Sí | S44: Sí | T44: Sí | V44: En duda | X44: En duda | Y44: En duda
A45: ='SCREENING - RETRIEVED'!A45 -> #N/A | B45: ='SCREENING - RETRIEVED'!B45 -> #N/A | C45: ='SCREENING - RETRIEVED'!C45 -> #N/A | D45: ='SCREENING - RETRIEVED'!D45 -> #N/A | E45: ='SCREENING - RETRIEVED'!E45 -> #N/A | F45: ='SCREENING - RETRIEVED'!F45 -> #N/A | G45: ='SCREENING - RETRIEVED'!G45 -> #N/A | H45: ='SCREENING - RETRIEVED'!H45 -> #N/A | I45: ='SCREENING - RETRIEVED'!I45 -> #N/A | K45: ='IDENTIFICATION - REMOVED'!J45 -> #N/A | L45: BINGLEY | N45: X | O45: X | P45: Sí | Q45: Sí | R45: Sí | S45: Sí | T45: Sí | V45: En duda | X45: En duda | Y45: En duda
A46: ='SCREENING - RETRIEVED'!A46 -> #N/A | B46: ='SCREENING - RETRIEVED'!B46 -> #N/A | C46: ='SCREENING - RETRIEVED'!C46 -> #N/A | D46: ='SCREENING - RETRIEVED'!D46 -> #N/A | E46: ='SCREENING - RETRIEVED'!E46 -> #N/A | F46: ='SCREENING - RETRIEVED'!F46 -> #N/A | G46: ='SCREENING - RETRIEVED'!G46 -> #N/A | H46: ='SCREENING - RETRIEVED'!H46 -> #N/A | I46: ='SCREENING - RETRIEVED'!I46 -> #N/A | K46: ='IDENTIFICATION - REMOVED'!J46 -> #N/A | N46: X | P46: Sí | Q46: Sí | R46: Sí | S46: Sí | T46: Sí | V46: En duda | X46: En duda | Y46: En duda
A47: ='SCREENING - RETRIEVED'!A47 -> #N/A | B47: ='SCREENING - RETRIEVED'!B47 -> #N/A | C47: ='SCREENING - RETRIEVED'!C47 -> #N/A | D47: ='SCREENING - RETRIEVED'!D47 -> #N/A | E47: ='SCREENING - RETRIEVED'!E47 -> #N/A | F47: ='SCREENING - RETRIEVED'!F47 -> #N/A | G47: ='SCREENING - RETRIEVED'!G47 -> #N/A | H47: ='SCREENING - RETRIEVED'!H47 -> #N/A | I47: ='SCREENING - RETRIEVED'!I47 -> #N/A | K47: ='IDENTIFICATION - REMOVED'!J47 -> #N/A | L47: BINGLEY | N47: X | O47: X | P47: Sí | Q47: Sí | R47: Sí | S47: Sí | T47: Sí | V47: En duda | X47: Sí | Y47: En duda
A48: ='SCREENING - RETRIEVED'!A48 -> #N/A | B48: ='SCREENING - RETRIEVED'!B48 -> #N/A | C48: ='SCREENING - RETRIEVED'!C48 -> #N/A | D48: ='SCREENING - RETRIEVED'!D48 -> #N/A | E48: ='SCREENING - RETRIEVED'!E48 -> #N/A | F48: ='SCREENING - RETRIEVED'!F48 -> #N/A | G48: ='SCREENING - RETRIEVED'!G48 -> #N/A | H48: ='SCREENING - RETRIEVED'!H48 -> #N/A | I48: ='SCREENING - RETRIEVED'!I48 -> #N/A | K48: ='IDENTIFICATION - REMOVED'!J48 -> #N/A | N48: X | O48: X | P48: Sí | Q48: Sí | R48: Sí | S48: Sí | T48: Sí | V48: En duda | X48: Sí | Y48: En duda
A49: ='SCREENING - RETRIEVED'!A49 -> #N/A | B49: ='SCREENING - RETRIEVED'!B49 -> #N/A | C49: ='SCREENING - RETRIEVED'!C49 -> #N/A | D49: ='SCREENING - RETRIEVED'!D49 -> #N/A | E49: ='SCREENING - RETRIEVED'!E49 -> #N/A | F49: ='SCREENING - RETRIEVED'!F49 -> #N/A | G49: ='SCREENING - RETRIEVED'!G49 -> #N/A | H49: ='SCREENING - RETRIEVED'!H49 -> #N/A | I49: ='SCREENING - RETRIEVED'!I49 -> #N/A | K49: ='IDENTIFICATION - REMOVED'!J49 -> #N/A | L49: CLARE | N49: X | O49: X | P49: Sí | Q49: Sí | R49: Sí | S49: Sí | T49: Sí | V49: En duda | X49: Sí | Y49: En duda
A50: ='SCREENING - RETRIEVED'!A50 -> #N/A | B50: ='SCREENING - RETRIEVED'!B50 -> #N/A | C50: ='SCREENING - RETRIEVED'!C50 -> #N/A | D50: ='SCREENING - RETRIEVED'!D50 -> #N/A | E50: ='SCREENING - RETRIEVED'!E50 -> #N/A | F50: ='SCREENING - RETRIEVED'!F50 -> #N/A | G50: ='SCREENING - RETRIEVED'!G50 -> #N/A | H50: ='SCREENING - RETRIEVED'!H50 -> #N/A | I50: ='SCREENING - RETRIEVED'!I50 -> #N/A | K50: ='IDENTIFICATION - REMOVED'!J50 -> #N/A | N50: X | P50: Sí | Q50: Sí | R50: Sí | S50: Sí | T50: Sí | V50: En duda | X50: Sí | Y50: En duda
A51: ='SCREENING - RETRIEVED'!A51 -> #N/A | B51: ='SCREENING - RETRIEVED'!B51 -> #N/A | C51: ='SCREENING - RETRIEVED'!C51 -> #N/A | D51: ='SCREENING - RETRIEVED'!D51 -> #N/A | E51: ='SCREENING - RETRIEVED'!E51 -> #N/A | F51: ='SCREENING - RETRIEVED'!F51 -> #N/A | G51: ='SCREENING - RETRIEVED'!G51 -> #N/A | H51: ='SCREENING - RETRIEVED'!H51 -> #N/A | I51: ='SCREENING - RETRIEVED'!I51 -> #N/A | K51: ='IDENTIFICATION - REMOVED'!J51 -> #N/A | N51: X | P51: Sí | Q51: Sí | R51: Sí | S51: Sí | T51: Sí | V51: En duda | X51: Sí | Y51: En duda
A52: ='SCREENING - RETRIEVED'!A52 -> #N/A | B52: ='SCREENING - RETRIEVED'!B52 -> #N/A | C52: ='SCREENING - RETRIEVED'!C52 -> #N/A | D52: ='SCREENING - RETRIEVED'!D52 -> #N/A | E52: ='SCREENING - RETRIEVED'!E52 -> #N/A | F52: ='SCREENING - RETRIEVED'!F52 -> #N/A | G52: ='SCREENING - RETRIEVED'!G52 -> #N/A | H52: ='SCREENING - RETRIEVED'!H52 -> #N/A | I52: ='SCREENING - RETRIEVED'!I52 -> #N/A | K52: ='IDENTIFICATION - REMOVED'!J52 -> #N/A | N52: X | P52: Sí | Q52: Sí | R52: Sí | S52: Sí | T52: Sí | V52: En duda | X52: Sí | Y52: En duda
A53: ='SCREENING - RETRIEVED'!A53 -> #N/A | B53: ='SCREENING - RETRIEVED'!B53 -> #N/A | C53: ='SCREENING - RETRIEVED'!C53 -> #N/A | D53: ='SCREENING - RETRIEVED'!D53 -> #N/A | E53: ='SCREENING - RETRIEVED'!E53 -> #N/A | F53: ='SCREENING - RETRIEVED'!F53 -> #N/A | G53: ='SCREENING - RETRIEVED'!G53 -> #N/A | H53: ='SCREENING - RETRIEVED'!H53 -> #N/A | I53: ='SCREENING - RETRIEVED'!I53 -> #N/A | K53: ='IDENTIFICATION - REMOVED'!J53 -> #N/A | N53: X | P53: Sí | Q53: Sí | R53: Sí | S53: Sí | T53: Sí | V53: En duda | X53: Sí | Y53: En duda
A54: ='SCREENING - RETRIEVED'!A54 -> #N/A | B54: ='SCREENING - RETRIEVED'!B54 -> #N/A | C54: ='SCREENING - RETRIEVED'!C54 -> #N/A | D54: ='SCREENING - RETRIEVED'!D54 -> #N/A | E54: ='SCREENING - RETRIEVED'!E54 -> #N/A | F54: ='SCREENING - RETRIEVED'!F54 -> #N/A | G54: ='SCREENING - RETRIEVED'!G54 -> #N/A | H54: ='SCREENING - RETRIEVED'!H54 -> #N/A | I54: ='SCREENING - RETRIEVED'!I54 -> #N/A | K54: ='IDENTIFICATION - REMOVED'!J54 -> #N/A | L54: LONDON | N54: X | O54: X | P54: Sí | Q54: Sí | R54: Sí | S54: Sí | T54: Sí | V54: En duda | X54: Sí | Y54: En duda
A55: ='SCREENING - RETRIEVED'!A55 -> #N/A | B55: ='SCREENING - RETRIEVED'!B55 -> #N/A | C55: ='SCREENING - RETRIEVED'!C55 -> #N/A | D55: ='SCREENING - RETRIEVED'!D55 -> #N/A | E55: ='SCREENING - RETRIEVED'!E55 -> #N/A | F55: ='SCREENING - RETRIEVED'!F55 -> #N/A | G55: ='SCREENING - RETRIEVED'!G55 -> #N/A | H55: ='SCREENING - RETRIEVED'!H55 -> #N/A | I55: ='SCREENING - RETRIEVED'!I55 -> #N/A | K55: ='IDENTIFICATION - REMOVED'!J55 -> #N/A | N55: X | P55: Sí | Q55: Sí | R55: Sí | S55: Sí | T55: Sí | V55: En duda | X55: No | Y55: En duda
A56: ='SCREENING - RETRIEVED'!A56 -> #N/A | B56: ='SCREENING - RETRIEVED'!B56 -> #N/A | C56: ='SCREENING - RETRIEVED'!C56 -> #N/A | D56: ='SCREENING - RETRIEVED'!D56 -> #N/A | E56: ='SCREENING - RETRIEVED'!E56 -> #N/A | F56: ='SCREENING - RETRIEVED'!F56 -> #N/A | G56: ='SCREENING - RETRIEVED'!G56 -> #N/A | H56: ='SCREENING - RETRIEVED'!H56 -> #N/A | I56: ='SCREENING - RETRIEVED'!I56 -> #N/A | K56: ='IDENTIFICATION - REMOVED'!J56 -> #N/A | L56: ARDABIL | O56: X | P56: Sí | Q56: Sí | R56: Sí | S56: Sí | T56: Sí | V56: En duda | X56: No | Y56: En duda
A57: ='SCREENING - RETRIEVED'!A57 -> #N/A | B57: ='SCREENING - RETRIEVED'!B57 -> #N/A | C57: ='SCREENING - RETRIEVED'!C57 -> #N/A | D57: ='SCREENING - RETRIEVED'!D57 -> #N/A | E57: ='SCREENING - RETRIEVED'!E57 -> #N/A | F57: ='SCREENING - RETRIEVED'!F57 -> #N/A | G57: ='SCREENING - RETRIEVED'!G57 -> #N/A | H57: ='SCREENING - RETRIEVED'!H57 -> #N/A | I57: ='SCREENING - RETRIEVED'!I57 -> #N/A | K57: ='IDENTIFICATION - REMOVED'!J57 -> #N/A | N57: X | P57: Sí | Q57: Sí | R57: Sí | S57: Sí | T57: Sí | V57: En duda | X57: Sí | Y57: En duda
A58: ='SCREENING - RETRIEVED'!A58 -> #N/A | B58: ='SCREENING - RETRIEVED'!B58 -> #N/A | C58: ='SCREENING - RETRIEVED'!C58 -> #N/A | D58: ='SCREENING - RETRIEVED'!D58 -> #N/A | E58: ='SCREENING - RETRIEVED'!E58 -> #N/A | F58: ='SCREENING - RETRIEVED'!F58 -> #N/A | G58: ='SCREENING - RETRIEVED'!G58 -> #N/A | H58: ='SCREENING - RETRIEVED'!H58 -> #N/A | I58: ='SCREENING - RETRIEVED'!I58 -> #N/A | K58: ='IDENTIFICATION - REMOVED'!J58 -> #N/A | N58: X | P58: Sí | Q58: Sí | R58: Sí | S58: Sí | T58: Sí | V58: En duda | X58: Sí | Y58: En duda
A59: ='SCREENING - RETRIEVED'!A59 -> #N/A | B59: ='SCREENING - RETRIEVED'!B59 -> #N/A | C59: ='SCREENING - RETRIEVED'!C59 -> #N/A | D59: ='SCREENING - RETRIEVED'!D59 -> #N/A | E59: ='SCREENING - RETRIEVED'!E59 -> #N/A | F59: ='SCREENING - RETRIEVED'!F59 -> #N/A | G59: ='SCREENING - RETRIEVED'!G59 -> #N/A | H59: ='SCREENING - RETRIEVED'!H59 -> #N/A | I59: ='SCREENING - RETRIEVED'!I59 -> #N/A | K59: ='IDENTIFICATION - REMOVED'!J59 -> #N/A | N59: X | P59: Sí | Q59: Sí | R59: Sí | S59: Sí | T59: Sí | V59: En duda | X59: No | Y59: En duda
A60: ='SCREENING - RETRIEVED'!A60 -> #N/A | B60: ='SCREENING - RETRIEVED'!B60 -> #N/A | C60: ='SCREENING - RETRIEVED'!C60 -> #N/A | D60: ='SCREENING - RETRIEVED'!D60 -> #N/A | E60: ='SCREENING - RETRIEVED'!E60 -> #N/A | F60: ='SCREENING - RETRIEVED'!F60 -> #N/A | G60: ='SCREENING - RETRIEVED'!G60 -> #N/A | H60: ='SCREENING - RETRIEVED'!H60 -> #N/A | I60: ='SCREENING - RETRIEVED'!I60 -> #N/A | K60: ='IDENTIFICATION - REMOVED'!J60 -> #N/A | L60: OSLO | O60: X | P60: Sí | Q60: Sí | R60: Sí | S60: Sí | T60: Sí | V60: En duda | X60: Sí | Y60: En duda
A61: ='SCREENING - RETRIEVED'!A61 -> #N/A | B61: ='SCREENING - RETRIEVED'!B61 -> #N/A | C61: ='SCREENING - RETRIEVED'!C61 -> #N/A | D61: ='SCREENING - RETRIEVED'!D61 -> #N/A | E61: ='SCREENING - RETRIEVED'!E61 -> #N/A | F61: ='SCREENING - RETRIEVED'!F61 -> #N/A | G61: ='SCREENING - RETRIEVED'!G61 -> #N/A | H61: ='SCREENING - RETRIEVED'!H61 -> #N/A | I61: ='SCREENING - RETRIEVED'!I61 -> #N/A | K61: ='IDENTIFICATION - REMOVED'!J61 -> #N/A | N61: X | P61: Sí | Q61: Sí | R61: Sí | S61: Sí | T61: Sí | V61: En duda | X61: Sí | Y61: En duda
A62: ='SCREENING - RETRIEVED'!A62 -> #N/A | B62: ='SCREENING - RETRIEVED'!B62 -> #N/A | C62: ='SCREENING - RETRIEVED'!C62 -> #N/A | D62: ='SCREENING - RETRIEVED'!D62 -> #N/A | E62: ='SCREENING - RETRIEVED'!E62 -> #N/A | F62: ='SCREENING - RETRIEVED'!F62 -> #N/A | G62: ='SCREENING - RETRIEVED'!G62 -> #N/A | H62: ='SCREENING - RETRIEVED'!H62 -> #N/A | I62: ='SCREENING - RETRIEVED'!I62 -> #N/A | K62: ='IDENTIFICATION - REMOVED'!J62 -> #N/A | L62: BINGLEY | N62: X | O62: X | P62: Sí | Q62: Sí | R62: Sí | S62: Sí | T62: Sí | V62: En duda | X62: No | Y62: En duda
A63: ='SCREENING - RETRIEVED'!A63 -> #N/A | B63: ='SCREENING - RETRIEVED'!B63 -> #N/A | C63: ='SCREENING - RETRIEVED'!C63 -> #N/A | D63: ='SCREENING - RETRIEVED'!D63 -> #N/A | E63: ='SCREENING - RETRIEVED'!E63 -> #N/A | F63: ='SCREENING - RETRIEVED'!F63 -> #N/A | G63: ='SCREENING - RETRIEVED'!G63 -> #N/A | H63: ='SCREENING - RETRIEVED'!H63 -> #N/A | I63: ='SCREENING - RETRIEVED'!I63 -> #N/A | K63: ='IDENTIFICATION - REMOVED'!J63 -> #N/A | N63: X | P63: Sí | Q63: Sí | R63: Sí | S63: Sí | T63: Sí | V63: En duda | X63: Sí | Y63: En duda
A64: ='SCREENING - RETRIEVED'!A64 -> #N/A | B64: ='SCREENING - RETRIEVED'!B64 -> #N/A | C64: ='SCREENING - RETRIEVED'!C64 -> #N/A | D64: ='SCREENING - RETRIEVED'!D64 -> #N/A | E64: ='SCREENING - RETRIEVED'!E64 -> #N/A | F64: ='SCREENING - RETRIEVED'!F64 -> #N/A | G64: ='SCREENING - RETRIEVED'!G64 -> #N/A | H64: ='SCREENING - RETRIEVED'!H64 -> #N/A | I64: ='SCREENING - RETRIEVED'!I64 -> #N/A | K64: ='IDENTIFICATION - REMOVED'!J64 -> #N/A | N64: X | P64: Sí | Q64: Sí | R64: Sí | S64: Sí | T64: Sí | V64: En duda | X64: Sí | Y64: En duda
A65: ='SCREENING - RETRIEVED'!A65 -> #N/A | B65: ='SCREENING - RETRIEVED'!B65 -> #N/A | C65: ='SCREENING - RETRIEVED'!C65 -> #N/A | D65: ='SCREENING - RETRIEVED'!D65 -> #N/A | E65: ='SCREENING - RETRIEVED'!E65 -> #N/A | F65: ='SCREENING - RETRIEVED'!F65 -> #N/A | G65: ='SCREENING - RETRIEVED'!G65 -> #N/A | H65: ='SCREENING - RETRIEVED'!H65 -> #N/A | I65: ='SCREENING - RETRIEVED'!I65 -> #N/A | K65: ='IDENTIFICATION - REMOVED'!J65 -> #N/A | N65: X | P65: Sí | Q65: Sí | R65: Sí | S65: Sí | T65: Sí | V65: En duda | X65: Sí | Y65: En duda
A66: ='SCREENING - RETRIEVED'!A66 -> #N/A | B66: ='SCREENING - RETRIEVED'!B66 -> #N/A | C66: ='SCREENING - RETRIEVED'!C66 -> #N/A | D66: ='SCREENING - RETRIEVED'!D66 -> #N/A | E66: ='SCREENING - RETRIEVED'!E66 -> #N/A | F66: ='SCREENING - RETRIEVED'!F66 -> #N/A | G66: ='SCREENING - RETRIEVED'!G66 -> #N/A | H66: ='SCREENING - RETRIEVED'!H66 -> #N/A | I66: ='SCREENING - RETRIEVED'!I66 -> #N/A | K66: ='IDENTIFICATION - REMOVED'!J66 -> #N/A | N66: X | P66: Sí | Q66: Sí | R66: Sí | S66: Sí | T66: Sí | V66: En duda | X66: Sí | Y66: En duda
A67: ='SCREENING - RETRIEVED'!A67 -> #N/A | B67: ='SCREENING - RETRIEVED'!B67 -> #N/A | C67: ='SCREENING - RETRIEVED'!C67 -> #N/A | D67: ='SCREENING - RETRIEVED'!D67 -> #N/A | E67: ='SCREENING - RETRIEVED'!E67 -> #N/A | F67: ='SCREENING - RETRIEVED'!F67 -> #N/A | G67: ='SCREENING - RETRIEVED'!G67 -> #N/A | H67: ='SCREENING - RETRIEVED'!H67 -> #N/A | I67: ='SCREENING - RETRIEVED'!I67 -> #N/A | K67: ='IDENTIFICATION - REMOVED'!J67 -> #N/A | N67: X | P67: Sí | Q67: Sí | R67: Sí | S67: Sí | T67: Sí | V67: En duda | X67: No | Y67: En duda
A68: ='SCREENING - RETRIEVED'!A68 -> #N/A | B68: ='SCREENING - RETRIEVED'!B68 -> #N/A | C68: ='SCREENING - RETRIEVED'!C68 -> #N/A | D68: ='SCREENING - RETRIEVED'!D68 -> #N/A | E68: ='SCREENING - RETRIEVED'!E68 -> #N/A | F68: ='SCREENING - RETRIEVED'!F68 -> #N/A | G68: ='SCREENING - RETRIEVED'!G68 -> #N/A | H68: ='SCREENING - RETRIEVED'!H68 -> #N/A | I68: ='SCREENING - RETRIEVED'!I68 -> #N/A | K68: ='IDENTIFICATION - REMOVED'!J68 -> #N/A | N68: X | P68: Sí | Q68: Sí | R68: Sí | S68: Sí | T68: Sí | V68: En duda | X68: Sí | Y68: En duda
A69: ='SCREENING - RETRIEVED'!A69 -> #N/A | B69: ='SCREENING - RETRIEVED'!B69 -> #N/A | C69: ='SCREENING - RETRIEVED'!C69 -> #N/A | D69: ='SCREENING - RETRIEVED'!D69 -> #N/A | E69: ='SCREENING - RETRIEVED'!E69 -> #N/A | F69: ='SCREENING - RETRIEVED'!F69 -> #N/A | G69: ='SCREENING - RETRIEVED'!G69 -> #N/A | H69: ='SCREENING - RETRIEVED'!H69 -> #N/A | I69: ='SCREENING - RETRIEVED'!I69 -> #N/A | K69: ='IDENTIFICATION - REMOVED'!J69 -> #N/A | L69: LONDON | N69: X | O69: X | P69: Sí | Q69: Sí | R69: Sí | S69: Sí | T69: Sí | V69: En duda | X69: Sí | Y69: En duda
A70: ='SCREENING - RETRIEVED'!A70 -> #N/A | B70: ='SCREENING - RETRIEVED'!B70 -> #N/A | C70: ='SCREENING - RETRIEVED'!C70 -> #N/A | D70: ='SCREENING - RETRIEVED'!D70 -> #N/A | E70: ='SCREENING - RETRIEVED'!E70 -> #N/A | F70: ='SCREENING - RETRIEVED'!F70 -> #N/A | G70: ='SCREENING - RETRIEVED'!G70 -> #N/A | H70: ='SCREENING - RETRIEVED'!H70 -> #N/A | I70: ='SCREENING - RETRIEVED'!I70 -> #N/A | K70: ='IDENTIFICATION - REMOVED'!J70 -> #N/A | N70: X | O70: X | P70: Sí | Q70: Sí | R70: Sí | S70: Sí | T70: Sí | V70: En duda | X70: No | Y70: En duda
A71: ='SCREENING - RETRIEVED'!A71 -> #N/A | B71: ='SCREENING - RETRIEVED'!B71 -> #N/A | C71: ='SCREENING - RETRIEVED'!C71 -> #N/A | D71: ='SCREENING - RETRIEVED'!D71 -> #N/A | E71: ='SCREENING - RETRIEVED'!E71 -> #N/A | F71: ='SCREENING - RETRIEVED'!F71 -> #N/A | G71: ='SCREENING - RETRIEVED'!G71 -> #N/A | H71: ='SCREENING - RETRIEVED'!H71 -> #N/A | I71: ='SCREENING - RETRIEVED'!I71 -> #N/A | K71: ='IDENTIFICATION - REMOVED'!J71 -> #N/A | N71: X | P71: Sí | Q71: Sí | R71: Sí | S71: Sí | T71: Sí | V71: En duda | X71: Sí | Y71: En duda
A72: ='SCREENING - RETRIEVED'!A72 -> #N/A | B72: ='SCREENING - RETRIEVED'!B72 -> #N/A | C72: ='SCREENING - RETRIEVED'!C72 -> #N/A | D72: ='SCREENING - RETRIEVED'!D72 -> #N/A | E72: ='SCREENING - RETRIEVED'!E72 -> #N/A | F72: ='SCREENING - RETRIEVED'!F72 -> #N/A | G72: ='SCREENING - RETRIEVED'!G72 -> #N/A | H72: ='SCREENING - RETRIEVED'!H72 -> #N/A | I72: ='SCREENING - RETRIEVED'!I72 -> #N/A | K72: ='IDENTIFICATION - REMOVED'!J72 -> #N/A | N72: X | P72: Sí | Q72: Sí | R72: Sí | S72: Sí | T72: Sí | V72: En duda | X72: No | Y72: En duda
A73: ='SCREENING - RETRIEVED'!A73 -> #N/A | B73: ='SCREENING - RETRIEVED'!B73 -> #N/A | C73: ='SCREENING - RETRIEVED'!C73 -> #N/A | D73: ='SCREENING - RETRIEVED'!D73 -> #N/A | E73: ='SCREENING - RETRIEVED'!E73 -> #N/A | F73: ='SCREENING - RETRIEVED'!F73 -> #N/A | G73: ='SCREENING - RETRIEVED'!G73 -> #N/A | H73: ='SCREENING - RETRIEVED'!H73 -> #N/A | I73: ='SCREENING - RETRIEVED'!I73 -> #N/A | K73: ='IDENTIFICATION - REMOVED'!J73 -> #N/A | L73: HOBOKEN | N73: X | O73: X | P73: Sí | Q73: Sí | R73: Sí | S73: Sí | T73: Sí | V73: En duda | X73: Sí | Y73: En duda
A74: ='SCREENING - RETRIEVED'!A74 -> #N/A | B74: ='SCREENING - RETRIEVED'!B74 -> #N/A | C74: ='SCREENING - RETRIEVED'!C74 -> #N/A | D74: ='SCREENING - RETRIEVED'!D74 -> #N/A | E74: ='SCREENING - RETRIEVED'!E74 -> #N/A | F74: ='SCREENING - RETRIEVED'!F74 -> #N/A | G74: ='SCREENING - RETRIEVED'!G74 -> #N/A | H74: ='SCREENING - RETRIEVED'!H74 -> #N/A | I74: ='SCREENING - RETRIEVED'!I74 -> #N/A | K74: ='IDENTIFICATION - REMOVED'!J74 -> #N/A | L74: THOUSAND OAKS | N74: X | O74: X | P74: Sí | Q74: Sí | R74: Sí | S74: Sí | T74: Sí | V74: En duda | X74: Sí | Y74: En duda
A75: ='SCREENING - RETRIEVED'!A75 -> #N/A | B75: ='SCREENING - RETRIEVED'!B75 -> #N/A | C75: ='SCREENING - RETRIEVED'!C75 -> #N/A | D75: ='SCREENING - RETRIEVED'!D75 -> #N/A | E75: ='SCREENING - RETRIEVED'!E75 -> #N/A | F75: ='SCREENING - RETRIEVED'!F75 -> #N/A | G75: ='SCREENING - RETRIEVED'!G75 -> #N/A | H75: ='SCREENING - RETRIEVED'!H75 -> #N/A | I75: ='SCREENING - RETRIEVED'!I75 -> #N/A | K75: ='IDENTIFICATION - REMOVED'!J75 -> #N/A | N75: X | P75: Sí | Q75: Sí | R75: Sí | S75: Sí | T75: Sí | V75: En duda | X75: No | Y75: En duda
A76: ='SCREENING - RETRIEVED'!A76 -> #N/A | B76: ='SCREENING - RETRIEVED'!B76 -> #N/A | C76: ='SCREENING - RETRIEVED'!C76 -> #N/A | D76: ='SCREENING - RETRIEVED'!D76 -> #N/A | E76: ='SCREENING - RETRIEVED'!E76 -> #N/A | F76: ='SCREENING - RETRIEVED'!F76 -> #N/A | G76: ='SCREENING - RETRIEVED'!G76 -> #N/A | H76: ='SCREENING - RETRIEVED'!H76 -> #N/A | I76: ='SCREENING - RETRIEVED'!I76 -> #N/A | K76: ='IDENTIFICATION - REMOVED'!J76 -> #N/A | N76: X | P76: Sí | Q76: Sí | R76: Sí | S76: Sí | T76: Sí | V76: En duda | X76: Sí | Y76: En duda
A77: ='SCREENING - RETRIEVED'!A77 -> #N/A | B77: ='SCREENING - RETRIEVED'!B77 -> #N/A | C77: ='SCREENING - RETRIEVED'!C77 -> #N/A | D77: ='SCREENING - RETRIEVED'!D77 -> #N/A | E77: ='SCREENING - RETRIEVED'!E77 -> #N/A | F77: ='SCREENING - RETRIEVED'!F77 -> #N/A | G77: ='SCREENING - RETRIEVED'!G77 -> #N/A | H77: ='SCREENING - RETRIEVED'!H77 -> #N/A | I77: ='SCREENING - RETRIEVED'!I77 -> #N/A | K77: ='IDENTIFICATION - REMOVED'!J77 -> #N/A | L77: HOBOKEN | N77: X | O77: X | P77: Sí | Q77: Sí | R77: Sí | S77: Sí | T77: Sí | V77: En duda | X77: No | Y77: En duda
A78: ='SCREENING - RETRIEVED'!A78 -> #N/A | B78: ='SCREENING - RETRIEVED'!B78 -> #N/A | C78: ='SCREENING - RETRIEVED'!C78 -> #N/A | D78: ='SCREENING - RETRIEVED'!D78 -> #N/A | E78: ='SCREENING - RETRIEVED'!E78 -> #N/A | F78: ='SCREENING - RETRIEVED'!F78 -> #N/A | G78: ='SCREENING - RETRIEVED'!G78 -> #N/A | H78: ='SCREENING - RETRIEVED'!H78 -> #N/A | I78: ='SCREENING - RETRIEVED'!I78 -> #N/A | K78: ='IDENTIFICATION - REMOVED'!J78 -> #N/A | N78: X | P78: Sí | Q78: Sí | R78: Sí | S78: Sí | T78: Sí | V78: En duda | X78: Sí | Y78: En duda
A79: ='SCREENING - RETRIEVED'!A79 -> #N/A | B79: ='SCREENING - RETRIEVED'!B79 -> #N/A | C79: ='SCREENING - RETRIEVED'!C79 -> #N/A | D79: ='SCREENING - RETRIEVED'!D79 -> #N/A | E79: ='SCREENING - RETRIEVED'!E79 -> #N/A | F79: ='SCREENING - RETRIEVED'!F79 -> #N/A | G79: ='SCREENING - RETRIEVED'!G79 -> #N/A | H79: ='SCREENING - RETRIEVED'!H79 -> #N/A | I79: ='SCREENING - RETRIEVED'!I79 -> #N/A | K79: ='IDENTIFICATION - REMOVED'!J79 -> #N/A | N79: X | P79: Sí | Q79: Sí | R79: Sí | S79: Sí | T79: Sí | V79: En duda | X79: No | Y79: En duda
A80: ='SCREENING - RETRIEVED'!A80 -> #N/A | B80: ='SCREENING - RETRIEVED'!B80 -> #N/A | C80: ='SCREENING - RETRIEVED'!C80 -> #N/A | D80: ='SCREENING - RETRIEVED'!D80 -> #N/A | E80: ='SCREENING - RETRIEVED'!E80 -> #N/A | F80: ='SCREENING - RETRIEVED'!F80 -> #N/A | G80: ='SCREENING - RETRIEVED'!G80 -> #N/A | H80: ='SCREENING - RETRIEVED'!H80 -> #N/A | I80: ='SCREENING - RETRIEVED'!I80 -> #N/A | K80: ='IDENTIFICATION - REMOVED'!J80 -> #N/A | L80: BINGLEY | N80: X | O80: X | P80: Sí | Q80: Sí | R80: Sí | S80: Sí | T80: Sí | V80: En duda | X80: Sí | Y80: En duda
A81: ='SCREENING - RETRIEVED'!A81 -> #N/A | B81: ='SCREENING - RETRIEVED'!B81 -> #N/A | C81: ='SCREENING - RETRIEVED'!C81 -> #N/A | D81: ='SCREENING - RETRIEVED'!D81 -> #N/A | E81: ='SCREENING - RETRIEVED'!E81 -> #N/A | F81: ='SCREENING - RETRIEVED'!F81 -> #N/A | G81: ='SCREENING - RETRIEVED'!G81 -> #N/A | H81: ='SCREENING - RETRIEVED'!H81 -> #N/A | I81: ='SCREENING - RETRIEVED'!I81 -> #N/A | K81: ='IDENTIFICATION - REMOVED'!J81 -> #N/A | N81: X | O81: X | P81: Sí | Q81: Sí | R81: Sí | S81: Sí | T81: Sí | V81: En duda | X81: No | Y81: En duda
A82: ='SCREENING - RETRIEVED'!A82 -> #N/A | B82: ='SCREENING - RETRIEVED'!B82 -> #N/A | C82: ='SCREENING - RETRIEVED'!C82 -> #N/A | D82: ='SCREENING - RETRIEVED'!D82 -> #N/A | E82: ='SCREENING - RETRIEVED'!E82 -> #N/A | F82: ='SCREENING - RETRIEVED'!F82 -> #N/A | G82: ='SCREENING - RETRIEVED'!G82 -> #N/A | H82: ='SCREENING - RETRIEVED'!H82 -> #N/A | I82: ='SCREENING - RETRIEVED'!I82 -> #N/A | K82: ='IDENTIFICATION - REMOVED'!J82 -> #N/A | N82: X | P82: Sí | Q82: Sí | R82: Sí | S82: Sí | T82: Sí | V82: En duda | X82: Sí | Y82: En duda
A83: ='SCREENING - RETRIEVED'!A83 -> #N/A | B83: ='SCREENING - RETRIEVED'!B83 -> #N/A | C83: ='SCREENING - RETRIEVED'!C83 -> #N/A | D83: ='SCREENING - RETRIEVED'!D83 -> #N/A | E83: ='SCREENING - RETRIEVED'!E83 -> #N/A | F83: ='SCREENING - RETRIEVED'!F83 -> #N/A | G83: ='SCREENING - RETRIEVED'!G83 -> #N/A | H83: ='SCREENING - RETRIEVED'!H83 -> #N/A | I83: ='SCREENING - RETRIEVED'!I83 -> #N/A | K83: ='IDENTIFICATION - REMOVED'!J83 -> #N/A | N83: X | P83: Sí | Q83: Sí | R83: Sí | S83: Sí | T83: Sí | V83: En duda | X83: Sí | Y83: En duda
A84: ='SCREENING - RETRIEVED'!A84 -> #N/A | B84: ='SCREENING - RETRIEVED'!B84 -> #N/A | C84: ='SCREENING - RETRIEVED'!C84 -> #N/A | D84: ='SCREENING - RETRIEVED'!D84 -> #N/A | E84: ='SCREENING - RETRIEVED'!E84 -> #N/A | F84: ='SCREENING - RETRIEVED'!F84 -> #N/A | G84: ='SCREENING - RETRIEVED'!G84 -> #N/A | H84: ='SCREENING - RETRIEVED'!H84 -> #N/A | I84: ='SCREENING - RETRIEVED'!I84 -> #N/A | K84: ='IDENTIFICATION - REMOVED'!J84 -> #N/A | L84: BINGLEY | O84: X | P84: Sí | Q84: Sí | R84: Sí | S84: Sí | T84: Sí | V84: En duda | X84: Sí | Y84: En duda
A85: ='SCREENING - RETRIEVED'!A85 -> #N/A | B85: ='SCREENING - RETRIEVED'!B85 -> #N/A | C85: ='SCREENING - RETRIEVED'!C85 -> #N/A | D85: ='SCREENING - RETRIEVED'!D85 -> #N/A | E85: ='SCREENING - RETRIEVED'!E85 -> #N/A | F85: ='SCREENING - RETRIEVED'!F85 -> #N/A | G85: ='SCREENING - RETRIEVED'!G85 -> #N/A | H85: ='SCREENING - RETRIEVED'!H85 -> #N/A | I85: ='SCREENING - RETRIEVED'!I85 -> #N/A | K85: ='IDENTIFICATION - REMOVED'!J85 -> #N/A | N85: X | P85: Sí | Q85: Sí | R85: Sí | S85: Sí | T85: Sí | V85: En duda | X85: Sí | Y85: En duda
A86: ='SCREENING - RETRIEVED'!A86 -> #N/A | B86: ='SCREENING - RETRIEVED'!B86 -> #N/A | C86: ='SCREENING - RETRIEVED'!C86 -> #N/A | D86: ='SCREENING - RETRIEVED'!D86 -> #N/A | E86: ='SCREENING - RETRIEVED'!E86 -> #N/A | F86: ='SCREENING - RETRIEVED'!F86 -> #N/A | G86: ='SCREENING - RETRIEVED'!G86 -> #N/A | H86: ='SCREENING - RETRIEVED'!H86 -> #N/A | I86: ='SCREENING - RETRIEVED'!I86 -> #N/A | K86: ='IDENTIFICATION - REMOVED'!J86 -> #N/A | N86: X | P86: Sí | Q86: Sí | R86: Sí | S86: Sí | T86: Sí | V86: En duda | X86: Sí | Y86: En duda
A87: ='SCREENING - RETRIEVED'!A87 -> #N/A | B87: ='SCREENING - RETRIEVED'!B87 -> #N/A | C87: ='SCREENING - RETRIEVED'!C87 -> #N/A | D87: ='SCREENING - RETRIEVED'!D87 -> #N/A | E87: ='SCREENING - RETRIEVED'!E87 -> #N/A | F87: ='SCREENING - RETRIEVED'!F87 -> #N/A | G87: ='SCREENING - RETRIEVED'!G87 -> #N/A | H87: ='SCREENING - RETRIEVED'!H87 -> #N/A | I87: ='SCREENING - RETRIEVED'!I87 -> #N/A | K87: ='IDENTIFICATION - REMOVED'!J87 -> #N/A | N87: X | P87: Sí | Q87: Sí | R87: Sí | S87: Sí | T87: Sí | V87: En duda | X87: Sí | Y87: En duda
A88: ='SCREENING - RETRIEVED'!A88 -> #N/A | B88: ='SCREENING - RETRIEVED'!B88 -> #N/A | C88: ='SCREENING - RETRIEVED'!C88 -> #N/A | D88: ='SCREENING - RETRIEVED'!D88 -> #N/A | E88: ='SCREENING - RETRIEVED'!E88 -> #N/A | F88: ='SCREENING - RETRIEVED'!F88 -> #N/A | G88: ='SCREENING - RETRIEVED'!G88 -> #N/A | H88: ='SCREENING - RETRIEVED'!H88 -> #N/A | I88: ='SCREENING - RETRIEVED'!I88 -> #N/A | K88: ='IDENTIFICATION - REMOVED'!J88 -> #N/A | L88: PHILADELPHIA | N88: X | O88: X | P88: Sí | Q88: Sí | R88: Sí | S88: Sí | T88: Sí | V88: En duda | X88: En duda | Y88: En duda
A89: ='SCREENING - RETRIEVED'!A89 -> #N/A | B89: ='SCREENING - RETRIEVED'!B89 -> #N/A | C89: ='SCREENING - RETRIEVED'!C89 -> #N/A | D89: ='SCREENING - RETRIEVED'!D89 -> #N/A | E89: ='SCREENING - RETRIEVED'!E89 -> #N/A | F89: ='SCREENING - RETRIEVED'!F89 -> #N/A | G89: ='SCREENING - RETRIEVED'!G89 -> #N/A | H89: ='SCREENING - RETRIEVED'!H89 -> #N/A | I89: ='SCREENING - RETRIEVED'!I89 -> #N/A | K89: ='IDENTIFICATION - REMOVED'!J89 -> #N/A | L89: NEW YORK | N89: X | O89: X | P89: Sí | Q89: Sí | R89: Sí | S89: Sí | T89: Sí | V89: En duda | X89: Sí | Y89: En duda
A90: ='SCREENING - RETRIEVED'!A90 -> #N/A | B90: ='SCREENING - RETRIEVED'!B90 -> #N/A | C90: ='SCREENING - RETRIEVED'!C90 -> #N/A | D90: ='SCREENING - RETRIEVED'!D90 -> #N/A | E90: ='SCREENING - RETRIEVED'!E90 -> #N/A | F90: ='SCREENING - RETRIEVED'!F90 -> #N/A | G90: ='SCREENING - RETRIEVED'!G90 -> #N/A | H90: ='SCREENING - RETRIEVED'!H90 -> #N/A | I90: ='SCREENING - RETRIEVED'!I90 -> #N/A | K90: ='IDENTIFICATION - REMOVED'!J90 -> #N/A | L90: ABINGDON | N90: X | O90: X | P90: Sí | Q90: Sí | R90: Sí | S90: Sí | T90: Sí | V90: En duda | X90: Sí | Y90: En duda
A91: ='SCREENING - RETRIEVED'!A91 -> #N/A | B91: ='SCREENING - RETRIEVED'!B91 -> #N/A | C91: ='SCREENING - RETRIEVED'!C91 -> #N/A | D91: ='SCREENING - RETRIEVED'!D91 -> #N/A | E91: ='SCREENING - RETRIEVED'!E91 -> #N/A | F91: ='SCREENING - RETRIEVED'!F91 -> #N/A | G91: ='SCREENING - RETRIEVED'!G91 -> #N/A | H91: ='SCREENING - RETRIEVED'!H91 -> #N/A | I91: ='SCREENING - RETRIEVED'!I91 -> #N/A | K91: ='IDENTIFICATION - REMOVED'!J91 -> #N/A | N91: X | P91: Sí | Q91: Sí | R91: Sí | S91: Sí | T91: Sí | V91: En duda | X91: Sí | Y91: En duda
A92: ='SCREENING - RETRIEVED'!A92 -> #N/A | B92: ='SCREENING - RETRIEVED'!B92 -> #N/A | C92: ='SCREENING - RETRIEVED'!C92 -> #N/A | D92: ='SCREENING - RETRIEVED'!D92 -> #N/A | E92: ='SCREENING - RETRIEVED'!E92 -> #N/A | F92: ='SCREENING - RETRIEVED'!F92 -> #N/A | G92: ='SCREENING - RETRIEVED'!G92 -> #N/A | H92: ='SCREENING - RETRIEVED'!H92 -> #N/A | I92: ='SCREENING - RETRIEVED'!I92 -> #N/A | K92: ='IDENTIFICATION - REMOVED'!J92 -> #N/A | L92: RIJEKA | O92: X | P92: Sí | Q92: Sí | R92: Sí | S92: Sí | T92: Sí | V92: En duda | X92: Sí | Y92: En duda
A93: ='SCREENING - RETRIEVED'!A93 -> #N/A | B93: ='SCREENING - RETRIEVED'!B93 -> #N/A | C93: ='SCREENING - RETRIEVED'!C93 -> #N/A | D93: ='SCREENING - RETRIEVED'!D93 -> #N/A | E93: ='SCREENING - RETRIEVED'!E93 -> #N/A | F93: ='SCREENING - RETRIEVED'!F93 -> #N/A | G93: ='SCREENING - RETRIEVED'!G93 -> #N/A | H93: ='SCREENING - RETRIEVED'!H93 -> #N/A | I93: ='SCREENING - RETRIEVED'!I93 -> #N/A | K93: ='IDENTIFICATION - REMOVED'!J93 -> #N/A | N93: X | P93: Sí | Q93: Sí | R93: Sí | S93: Sí | T93: Sí | V93: En duda | X93: Sí | Y93: En duda
A94: ='SCREENING - RETRIEVED'!A94 -> #N/A | B94: ='SCREENING - RETRIEVED'!B94 -> #N/A | C94: ='SCREENING - RETRIEVED'!C94 -> #N/A | D94: ='SCREENING - RETRIEVED'!D94 -> #N/A | E94: ='SCREENING - RETRIEVED'!E94 -> #N/A | F94: ='SCREENING - RETRIEVED'!F94 -> #N/A | G94: ='SCREENING - RETRIEVED'!G94 -> #N/A | H94: ='SCREENING - RETRIEVED'!H94 -> #N/A | I94: ='SCREENING - RETRIEVED'!I94 -> #N/A | K94: ='IDENTIFICATION - REMOVED'!J94 -> #N/A | L94: BINGLEY | N94: X | O94: X | P94: Sí | Q94: Sí | R94: Sí | S94: Sí | T94: Sí | V94: En duda | X94: Sí | Y94: En duda
A95: ='SCREENING - RETRIEVED'!A95 -> #N/A | B95: ='SCREENING - RETRIEVED'!B95 -> #N/A | C95: ='SCREENING - RETRIEVED'!C95 -> #N/A | D95: ='SCREENING - RETRIEVED'!D95 -> #N/A | E95: ='SCREENING - RETRIEVED'!E95 -> #N/A | F95: ='SCREENING - RETRIEVED'!F95 -> #N/A | G95: ='SCREENING - RETRIEVED'!G95 -> #N/A | H95: ='SCREENING - RETRIEVED'!H95 -> #N/A | I95: ='SCREENING - RETRIEVED'!I95 -> #N/A | K95: ='IDENTIFICATION - REMOVED'!J95 -> #N/A | N95: X | P95: Sí | Q95: Sí | R95: Sí | S95: Sí | T95: Sí | V95: En duda | X95: Sí | Y95: En duda
A96: ='SCREENING - RETRIEVED'!A96 -> #N/A | B96: ='SCREENING - RETRIEVED'!B96 -> #N/A | C96: ='SCREENING - RETRIEVED'!C96 -> #N/A | D96: ='SCREENING - RETRIEVED'!D96 -> #N/A | E96: ='SCREENING - RETRIEVED'!E96 -> #N/A | F96: ='SCREENING - RETRIEVED'!F96 -> #N/A | G96: ='SCREENING - RETRIEVED'!G96 -> #N/A | H96: ='SCREENING - RETRIEVED'!H96 -> #N/A | I96: ='SCREENING - RETRIEVED'!I96 -> #N/A | K96: ='IDENTIFICATION - REMOVED'!J96 -> #N/A | N96: X | O96: X | P96: Sí | Q96: Sí | R96: Sí | S96: Sí | T96: Sí | V96: En duda | X96: Sí | Y96: En duda
A97: ='SCREENING - RETRIEVED'!A97 -> #N/A | B97: ='SCREENING - RETRIEVED'!B97 -> #N/A | C97: ='SCREENING - RETRIEVED'!C97 -> #N/A | D97: ='SCREENING - RETRIEVED'!D97 -> #N/A | E97: ='SCREENING - RETRIEVED'!E97 -> #N/A | F97: ='SCREENING - RETRIEVED'!F97 -> #N/A | G97: ='SCREENING - RETRIEVED'!G97 -> #N/A | H97: ='SCREENING - RETRIEVED'!H97 -> #N/A | I97: ='SCREENING - RETRIEVED'!I97 -> #N/A | K97: ='IDENTIFICATION - REMOVED'!J97 -> #N/A | L97: BINGLEY | O97: X | P97: Sí | Q97: Sí | R97: Sí | S97: Sí | T97: Sí | V97: En duda | X97: Sí | Y97: En duda
A98: ='SCREENING - RETRIEVED'!A98 -> #N/A | B98: ='SCREENING - RETRIEVED'!B98 -> #N/A | C98: ='SCREENING - RETRIEVED'!C98 -> #N/A | D98: ='SCREENING - RETRIEVED'!D98 -> #N/A | E98: ='SCREENING - RETRIEVED'!E98 -> #N/A | F98: ='SCREENING - RETRIEVED'!F98 -> #N/A | G98: ='SCREENING - RETRIEVED'!G98 -> #N/A | H98: ='SCREENING - RETRIEVED'!H98 -> #N/A | I98: ='SCREENING - RETRIEVED'!I98 -> #N/A | K98: ='IDENTIFICATION - REMOVED'!J98 -> #N/A | N98: X | P98: Sí | Q98: Sí | R98: Sí | S98: Sí | T98: Sí | V98: En duda | X98: Sí | Y98: En duda
A99: ='SCREENING - RETRIEVED'!A99 -> #N/A | B99: ='SCREENING - RETRIEVED'!B99 -> #N/A | C99: ='SCREENING - RETRIEVED'!C99 -> #N/A | D99: ='SCREENING - RETRIEVED'!D99 -> #N/A | E99: ='SCREENING - RETRIEVED'!E99 -> #N/A | F99: ='SCREENING - RETRIEVED'!F99 -> #N/A | G99: ='SCREENING - RETRIEVED'!G99 -> #N/A | H99: ='SCREENING - RETRIEVED'!H99 -> #N/A | I99: ='SCREENING - RETRIEVED'!I99 -> #N/A | K99: ='IDENTIFICATION - REMOVED'!J99 -> #N/A | L99: BINGLEY | N99: X | O99: X | P99: Sí | Q99: Sí | R99: Sí | S99: Sí | T99: Sí | V99: En duda | X99: Sí | Y99: En duda
A100: ='SCREENING - RETRIEVED'!A100 -> #N/A | B100: ='SCREENING - RETRIEVED'!B100 -> #N/A | C100: ='SCREENING - RETRIEVED'!C100 -> #N/A | D100: ='SCREENING - RETRIEVED'!D100 -> #N/A | E100: ='SCREENING - RETRIEVED'!E100 -> #N/A | F100: ='SCREENING - RETRIEVED'!F100 -> #N/A | G100: ='SCREENING - RETRIEVED'!G100 -> #N/A | H100: ='SCREENING - RETRIEVED'!H100 -> #N/A | I100: ='SCREENING - RETRIEVED'!I100 -> #N/A | K100: ='IDENTIFICATION - REMOVED'!J100 -> #N/A | N100: X | P100: Sí | Q100: Sí | R100: Sí | S100: Sí | T100: Sí | V100: En duda | X100: Sí | Y100: En duda
...

Sheet INCLUDED
A1: Authors | B1: Title | C1: Year | D1: Journal | E1: Abstract | F1: Keywords | G1: Publisher/Editorial | H1: Language | I1: Document Type | J1: DOI | K1: City of publication | L1: Country of study | M1: Scopus | N1: Wos | O1: Scielo | P1: Redalyc | Q1: ProQtes | R1: Objetivo principal de la investigación | S1: Modelo teórico de la variable de Intervención/Exposición (colocar el nombre) | T1: Modelo teórico de la variable de desenlace (outcome) (colocar el nombre) | U1: Principal concepto de la variable de Intervención/Exposición (colocar el nombre) | V1: Principal concepto de la variable de desenlace (outcome) (colocar el nombre) | W1: Diseño de investigación | X1: Control de sesgos relaizado en los estudios | Y1: Unidad de información, Población, Participantes o grupo de estudio | Z1: Características de la muestra o grupo de estudio | AA1: Tamaño del grupo de estudio o muestra | AB1: Forma de selección del grupo de estudio | AC1: Instrumento de recolección de datos para la variable de intervención o exposición | AD1: Instrumento de recolección de datos para la la variable de desenlace (outcome) | AE1: Estadísticos aplicados al análisis de datos | AF1: Discusión/Conclusión principal | AG1: Factores asociados a la variable de intervención/exposición encontrados | AH1: Desenlace que se encontró en la variable del problema (outcome) u otras variables asociadas
A2: ='IDENTIFICATION - REMOVED'!A2 -> #N/A | B2: ='IDENTIFICATION - REMOVED'!B2 -> #N/A | C2: ='IDENTIFICATION - REMOVED'!C2 -> #N/A | D2: ='IDENTIFICATION - REMOVED'!D2 -> #N/A | E2: ='IDENTIFICATION - REMOVED'!E2 -> #N/A | F2: ='IDENTIFICATION - REMOVED'!F2 -> #N/A | G2: ='IDENTIFICATION - REMOVED'!G2 -> #N/A | H2: ='IDENTIFICATION - REMOVED'!H2 -> #N/A | ... K2: ='IDENTIFICATION - REMOVED'!K2 -> #N/A | M2: x | AD2: ='BASE DE DATOS SCOPUS'!P5 -> 0
A3: ='IDENTIFICATION - REMOVED'!A3 -> #N/A | B3: ='IDENTIFICATION - REMOVED'!B3 -> #N/A | C3: ='IDENTIFICATION - REMOVED'!C3 -> #N/A | D3: ='IDENTIFICATION - REMOVED'!D3 -> #N/A | E3: ='IDENTIFICATION - REMOVED'!E3 -> #N/A | F3: ='IDENTIFICATION - REMOVED'!F3 -> #N/A | G3: ='IDENTIFICATION - REMOVED'!G3 -> #N/A | H3: ='IDENTIFICATION - REMOVED'!H3 -> #N/A | ... K3: ='IDENTIFICATION - REMOVED'!K3 -> #N/A | M3: x | AD3: ='BASE DE DATOS SCOPUS'!P6 -> 0
A4: ='IDENTIFICATION - REMOVED'!A4 -> #N/A | B4: ='IDENTIFICATION - REMOVED'!B4 -> #N/A | C4: ='IDENTIFICATION - REMOVED'!C4 -> #N/A | D4: ='IDENTIFICATION - REMOVED'!D4 -> #N/A | E4: ='IDENTIFICATION - REMOVED'!E4 -> #N/A | F4: ='IDENTIFICATION - REMOVED'!F4 -> #N/A | G4: ='IDENTIFICATION - REMOVED'!G4 -> #N/A | H4: ='IDENTIFICATION - REMOVED'!H4 -> #N/A | ... K4: ='IDENTIFICATION - REMOVED'!K4 -> #N/A | M4: x | AD4: ='BASE DE DATOS SCOPUS'!P7 -> 0
A5: ='IDENTIFICATION - REMOVED'!A5 -> #N/A | B5: ='IDENTIFICATION - REMOVED'!B5 -> #N/A | C5: ='IDENTIFICATION - REMOVED'!C5 -> #N/A | D5: ='IDENTIFICATION - REMOVED'!D5 -> #N/A | E5: ='IDENTIFICATION - REMOVED'!E5 -> #N/A | F5: ='IDENTIFICATION - REMOVED'!F5 -> #N/A | G5: ='IDENTIFICATION - REMOVED'!G5 -> #N/A | H5: ='IDENTIFICATION - REMOVED'!H5 -> #N/A | ... K5: ='IDENTIFICATION - REMOVED'!K5 -> #N/A | M5: x | AD5: ='BASE DE DATOS SCOPUS'!P8 -> 0
A6: ='IDENTIFICATION - REMOVED'!A6 -> #N/A | B6: ='IDENTIFICATION - REMOVED'!B6 -> #N/A | C6: ='IDENTIFICATION - REMOVED'!C6 -> #N/A | D6: ='IDENTIFICATION - REMOVED'!D6 -> #N/A | E6: ='IDENTIFICATION - REMOVED'!E6 -> #N/A | F6: ='IDENTIFICATION - REMOVED'!F6 -> #N/A | G6: ='IDENTIFICATION - REMOVED'!G6 -> #N/A | H6: ='IDENTIFICATION - REMOVED'!H6 -> #N/A | ... K6: ='IDENTIFICATION - REMOVED'!K6 -> #N/A | M6: x | AD6: ='BASE DE DATOS SCOPUS'!P9 -> 0
A7: ='IDENTIFICATION - REMOVED'!A7 -> #N/A | B7: ='IDENTIFICATION - REMOVED'!B7 -> #N/A | C7: ='IDENTIFICATION - REMOVED'!C7 -> #N/A | D7: ='IDENTIFICATION - REMOVED'!D7 -> #N/A | E7: ='IDENTIFICATION - REMOVED'!E7 -> #N/A | F7: ='IDENTIFICATION - REMOVED'!F7 -> #N/A | G7: ='IDENTIFICATION - REMOVED'!G7 -> #N/A | H7: ='IDENTIFICATION - REMOVED'!H7 -> #N/A | ... K7: ='IDENTIFICATION - REMOVED'!K7 -> #N/A | M7: x | AD7: ='BASE DE DATOS SCOPUS'!P10 -> 0
A8: ='IDENTIFICATION - REMOVED'!A8 -> #N/A | B8: ='IDENTIFICATION - REMOVED'!B8 -> #N/A | C8: ='IDENTIFICATION - REMOVED'!C8 -> #N/A | D8: ='IDENTIFICATION - REMOVED'!D8 -> #N/A | E8: ='IDENTIFICATION - REMOVED'!E8 -> #N/A | F8: ='IDENTIFICATION - REMOVED'!F8 -> #N/A | G8: ='IDENTIFICATION - REMOVED'!G8 -> #N/A | H8: ='IDENTIFICATION - REMOVED'!H8 -> #N/A | ... K8: ='IDENTIFICATION - REMOVED'!K8 -> #N/A | M8: x | AD8: ='BASE DE DATOS SCOPUS'!P11 -> 0
A9: ='IDENTIFICATION - REMOVED'!A9 -> #N/A | B9: ='IDENTIFICATION - REMOVED'!B9 -> #N/A | C9: ='IDENTIFICATION - REMOVED'!C9 -> #N/A | D9: ='IDENTIFICATION - REMOVED'!D9 -> #N/A | E9: ='IDENTIFICATION - REMOVED'!E9 -> #N/A | F9: ='IDENTIFICATION - REMOVED'!F9 -> #N/A | G9: ='IDENTIFICATION - REMOVED'!G9 -> #N/A | H9: ='IDENTIFICATION - REMOVED'!H9 -> #N/A | ... K9: ='IDENTIFICATION - REMOVED'!K9 -> #N/A | M9: x | AD9: ='BASE DE DATOS SCOPUS'!P12 -> 0
A10: ='IDENTIFICATION - REMOVED'!A10 -> #N/A | B10: ='IDENTIFICATION - REMOVED'!B10 -> #N/A | C10: ='IDENTIFICATION - REMOVED'!C10 -> #N/A | D10: ='IDENTIFICATION - REMOVED'!D10 -> #N/A | E10: ='IDENTIFICATION - REMOVED'!E10 -> #N/A | F10: ='IDENTIFICATION - REMOVED'!F10 -> #N/A | G10: ='IDENTIFICATION - REMOVED'!G10 -> #N/A | H10: ='IDENTIFICATION - REMOVED'!H10 -> #N/A | ... K10: ='IDENTIFICATION - REMOVED'!K10 -> #N/A | M10: x | AD10: ='BASE DE DATOS SCOPUS'!P13 -> 0
A11: ='IDENTIFICATION - REMOVED'!A11 -> #N/A | B11: ='IDENTIFICATION - REMOVED'!B11 -> #N/A | C11: ='IDENTIFICATION - REMOVED'!C11 -> #N/A | D11: ='IDENTIFICATION - REMOVED'!D11 -> #N/A | E11: ='IDENTIFICATION - REMOVED'!E11 -> #N/A | F11: ='IDENTIFICATION - REMOVED'!F11 -> #N/A | G11: ='IDENTIFICATION - REMOVED'!G11 -> #N/A | H11: ='IDENTIFICATION - REMOVED'!H11 -> #N/A | ... K11: ='IDENTIFICATION - REMOVED'!K11 -> #N/A | M11: x | AD11: ='BASE DE DATOS SCOPUS'!P14 -> 0
A12: ='IDENTIFICATION - REMOVED'!A12 -> #N/A | B12: ='IDENTIFICATION - REMOVED'!B12 -> #N/A | C12: ='IDENTIFICATION - REMOVED'!C12 -> #N/A | D12: ='IDENTIFICATION - REMOVED'!D12 -> #N/A | E12: ='IDENTIFICATION - REMOVED'!E12 -> #N/A | F12: ='IDENTIFICATION - REMOVED'!F12 -> #N/A | G12: ='IDENTIFICATION - REMOVED'!G12 -> #N/A | H12: ='IDENTIFICATION - REMOVED'!H12 -> #N/A | ... K12: ='IDENTIFICATION - REMOVED'!K12 -> #N/A | M12: x | AD12: ='BASE DE DATOS SCOPUS'!P15 -> 0
A13: ='IDENTIFICATION - REMOVED'!A13 -> #N/A | B13: ='IDENTIFICATION - REMOVED'!B13 -> #N/A | C13: ='IDENTIFICATION - REMOVED'!C13 -> #N/A | D13: ='IDENTIFICATION - REMOVED'!D13 -> #N/A | E13: ='IDENTIFICATION - REMOVED'!E13 -> #N/A | F13: ='IDENTIFICATION - REMOVED'!F13 -> #N/A | G13: ='IDENTIFICATION - REMOVED'!G13 -> #N/A | H13: ='IDENTIFICATION - REMOVED'!H13 -> #N/A | ... K13: ='IDENTIFICATION - REMOVED'!K13 -> #N/A | M13: x | AD13: ='BASE DE DATOS SCOPUS'!P16 -> 0
... A16: ='IDENTIFICATION - REMOVED'!A16 -> #N/A | B16: ='IDENTIFICATION - REMOVED'!B16 -> #N/A | C16: ='IDENTIFICATION - REMOVED'!C16 -> #N/A | D16: ='IDENTIFICATION - REMOVED'!D16 -> #N/A | E16: ='IDENTIFICATION - REMOVED'!E16 -> #N/A | F16: ='IDENTIFICATION - REMOVED'!F16 -> #N/A | G16: ='IDENTIFICATION - REMOVED'!G16 -> #N/A | H16: ='IDENTIFICATION - REMOVED'!H16 -> #N/A | ... K16: ='IDENTIFICATION - REMOVED'!K16 -> #N/A | M16: x | AD16: ='BASE DE DATOS SCOPUS'!P19 -> 0
A17: ='IDENTIFICATION - REMOVED'!A17 -> #N/A | B17: ='IDENTIFICATION - REMOVED'!B17 -> #N/A | C17: ='IDENTIFICATION - REMOVED'!C17 -> #N/A | D17: ='IDENTIFICATION - REMOVED'!D17 -> #N/A | E17: ='IDENTIFICATION - REMOVED'!E17 -> #N/A | F17: ='IDENTIFICATION - REMOVED'!F17 -> #N/A | G17: ='IDENTIFICATION - REMOVED'!G17 -> #N/A | H17: ='IDENTIFICATION - REMOVED'!H17 -> #N/A | ... K17: ='IDENTIFICATION - REMOVED'!K17 -> #N/A | N17: x | AD17: ='BASE DE DATOS SCOPUS'!P20 -> 0
A18: ='IDENTIFICATION - REMOVED'!A18 -> #N/A | B18: ='IDENTIFICATION - REMOVED'!B18 -> #N/A | C18: ='IDENTIFICATION - REMOVED'!C18 -> #N/A | D18: ='IDENTIFICATION - REMOVED'!D18 -> #N/A | E18: ='IDENTIFICATION - REMOVED'!E18 -> #N/A | F18: ='IDENTIFICATION - REMOVED'!F18 -> #N/A | G18: ='IDENTIFICATION - REMOVED'!G18 -> #N/A | H18: ='IDENTIFICATION - REMOVED'!H18 -> #N/A | ... K18: ='IDENTIFICATION - REMOVED'!K18 -> #N/A | N18: x | AD18: ='BASE DE DATOS SCOPUS'!P21 -> 0
A19: ='IDENTIFICATION - REMOVED'!A19 -> #N/A | B19: ='IDENTIFICATION - REMOVED'!B19 -> #N/A | C19: ='IDENTIFICATION - REMOVED'!C19 -> #N/A | D19: ='IDENTIFICATION - REMOVED'!D19 -> #N/A | E19: ='IDENTIFICATION - REMOVED'!E19 -> #N/A | F19: ='IDENTIFICATION - REMOVED'!F19 -> #N/A | G19: ='IDENTIFICATION - REMOVED'!G19 -> #N/A | H19: ='IDENTIFICATION - REMOVED'!H19 -> #N/A | ... K19: ='IDENTIFICATION - REMOVED'!K19 -> #N/A | N19: x | AD19: ='BASE DE DATOS SCOPUS'!P22 -> 0
A20: ='IDENTIFICATION - REMOVED'!A20 -> #N/A | B20: ='IDENTIFICATION - REMOVED'!B20 -> #N/A | C20: ='IDENTIFICATION - REMOVED'!C20 -> #N/A | D20: ='IDENTIFICATION - REMOVED'!D20 -> #N/A | E20: ='IDENTIFICATION - REMOVED'!E20 -> #N/A | F20: ='IDENTIFICATION - REMOVED'!F20 -> #N/A | G20: ='IDENTIFICATION - REMOVED'!G20 -> #N/A | H20: ='IDENTIFICATION - REMOVED'!H20 -> #N/A | ... K20: ='IDENTIFICATION - REMOVED'!K20 -> #N/A | N20: x | AD20: ='BASE DE DATOS SCOPUS'!P23 -> 0
A21: ='SCREENING 2- FULL TEXT EXCLUDED'!A21 -> #N/A | B21: ='SCREENING 2- FULL TEXT EXCLUDED'!B21 -> #N/A | C21: ='SCREENING 2- FULL TEXT EXCLUDED'!C21 -> #N/A | D21: ='SCREENING 2- FULL TEXT EXCLUDED'!D21 -> #N/A | E21: ='SCREENING 2- FULL TEXT EXCLUDED'!E21 -> #N/A | F21: ='SCREENING 2- FULL TEXT EXCLUDED'!F21 -> #N/A | G21: ='SCREENING 2- FULL TEXT EXCLUDED'!G21 -> #N/A | H21: ='SCREENING 2- FULL TEXT EXCLUDED'!H21 -> #N/A | I21: ='SCREENING 2- FULL TEXT EXCLUDED'!I21 -> #N/A | J21: ='SCREENING 2- FULL TEXT EXCLUDED'!K21 -> #N/A | K21: ='IDENTIFICATION - REMOVED'!K21 -> #N/A | N21: x | AD21: ='BASE DE DATOS SCOPUS'!P24 -> 0
A22: ='SCREENING 2- FULL TEXT EXCLUDED'!A22 -> #N/A | B22: ='SCREENING 2- FULL TEXT EXCLUDED'!B22 -> #N/A | C22: ='SCREENING 2- FULL TEXT EXCLUDED'!C22 -> #N/A | D22: ='SCREENING 2- FULL TEXT EXCLUDED'!D22 -> #N/A | E22: ='SCREENING 2- FULL TEXT EXCLUDED'!E22 -> #N/A | F22: ='SCREENING 2- FULL TEXT EXCLUDED'!F22 -> #N/A | G22: ='SCREENING 2- FULL TEXT EXCLUDED'!G22 -> #N/A | H22: ='SCREENING 2- FULL TEXT EXCLUDED'!H22 -> #N/A | I22: ='SCREENING 2- FULL TEXT EXCLUDED'!I22 -> #N/A | J22: ='SCREENING 2- FULL TEXT EXCLUDED'!K22 -> #N/A | K22: ='IDENTIFICATION - REMOVED'!K22 -> #N/A | N22: x | AD22: ='BASE DE DATOS SCOPUS'!P25 -> 0
A23: ='SCREENING 2- FULL TEXT EXCLUDED'!A23 -> #N/A | B23: ='SCREENING 2- FULL TEXT EXCLUDED'!B23 -> #N/A | C23: ='SCREENING 2- FULL TEXT EXCLUDED'!C23 -> #N/A | D23: ='SCREENING 2- FULL TEXT EXCLUDED'!D23 -> #N/A | E23: ='SCREENING 2- FULL TEXT EXCLUDED'!E23 -> #N/A | F23: ='SCREENING 2- FULL TEXT EXCLUDED'!F23 -> #N/A | G23: ='SCREENING 2- FULL TEXT EXCLUDED'!G23 -> #N/A | H23: ='SCREENING 2- FULL TEXT EXCLUDED'!H23 -> #N/A | I23: ='SCREENING 2- FULL TEXT EXCLUDED'!I23 -> #N/A | J23: ='SCREENING 2- FULL TEXT EXCLUDED'!K23 -> #N/A | K23: ='IDENTIFICATION - REMOVED'!K23 -> #N/A | N23: x | AD23: ='BASE DE DATOS SCOPUS'!P26 -> 0
A24: ='SCREENING 2- FULL TEXT EXCLUDED'!A24 -> #N/A | B24: ='SCREENING 2- FULL TEXT EXCLUDED'!B24 -> #N/A | C24: ='SCREENING 2- FULL TEXT EXCLUDED'!C24 -> #N/A | D24: ='SCREENING 2- FULL TEXT EXCLUDED'!D24 -> #N/A | E24: ='SCREENING 2- FULL TEXT EXCLUDED'!E24 -> #N/A | F24: ='SCREENING 2- FULL TEXT EXCLUDED'!F24 -> #N/A | G24: ='SCREENING 2- FULL TEXT EXCLUDED'!G24 -> #N/A | H24: ='SCREENING 2- FULL TEXT EXCLUDED'!H24 -> #N/A | I24: ='SCREENING 2- FULL TEXT EXCLUDED'!I24 -> #N/A | J24: ='SCREENING 2- FULL TEXT EXCLUDED'!K24 -> #N/A | K24: ='IDENTIFICATION - REMOVED'!K24 -> #N/A | O24: x | AD24: ='BASE DE DATOS SCOPUS'!P27 -> 0
A25: ='SCREENING 2- FULL TEXT EXCLUDED'!A25 -> #N/A | B25: ='SCREENING 2- FULL TEXT EXCLUDED'!B25 -> #N/A | C25: ='SCREENING 2- FULL TEXT EXCLUDED'!C25 -> #N/A | D25: ='SCREENING 2- FULL TEXT EXCLUDED'!D25 -> #N/A | E25: ='SCREENING 2- FULL TEXT EXCLUDED'!E25 -> #N/A | F25: ='SCREENING 2- FULL TEXT EXCLUDED'!F25 -> #N/A | G25: ='SCREENING 2- FULL TEXT EXCLUDED'!G25 -> #N/A | H25: ='SCREENING 2- FULL TEXT EXCLUDED'!H25 -> #N/A | I25: ='SCREENING 2- FULL TEXT EXCLUDED'!I25 -> #N/A | J25: ='SCREENING 2- FULL TEXT EXCLUDED'!K25 -> #N/A | K25: ='IDENTIFICATION - REMOVED'!K25 -> #N/A | O25: x | AD25: ='BASE DE DATOS SCOPUS'!P28 -> 0
A26: ='SCREENING 2- FULL TEXT EXCLUDED'!A26 -> #N/A | B26: ='SCREENING 2- FULL TEXT EXCLUDED'!B26 -> #N/A | C26: ='SCREENING 2- FULL TEXT EXCLUDED'!C26 -> #N/A | D26: ='SCREENING 2- FULL TEXT EXCLUDED'!D26 -> #N/A | E26: ='SCREENING 2- FULL TEXT EXCLUDED'!E26 -> #N/A | F26: ='SCREENING 2- FULL TEXT EXCLUDED'!F26 -> #N/A | G26: ='SCREENING 2- FULL TEXT EXCLUDED'!G26 -> #N/A | H26: ='SCREENING 2- FULL TEXT EXCLUDED'!H26 -> #N/A | I26: ='SCREENING 2- FULL TEXT EXCLUDED'!I26 -> #N/A | J26: ='SCREENING 2- FULL TEXT EXCLUDED'!K26 -> #N/A | K26: ='IDENTIFICATION - REMOVED'!K26 -> #N/A | O26: x | AD26: ='BASE DE DATOS SCOPUS'!P29 -> 0
A27: ='SCREENING 2- FULL TEXT EXCLUDED'!A27 -> #N/A | B27: ='SCREENING 2- FULL TEXT EXCLUDED'!B27 -> #N/A | C27: ='SCREENING 2- FULL TEXT EXCLUDED'!C27 -> #N/A | D27: ='SCREENING 2- FULL TEXT EXCLUDED'!D27 -> #N/A | E27: ='SCREENING 2- FULL TEXT EXCLUDED'!E27 -> #N/A | F27: ='SCREENING 2- FULL TEXT EXCLUDED'!F27 -> #N/A | G27: ='SCREENING 2- FULL TEXT EXCLUDED'!G27 -> #N/A | H27: ='SCREENING 2- FULL TEXT EXCLUDED'!H27 -> #N/A | I27: ='SCREENING 2- FULL TEXT EXCLUDED'!I27 -> #N/A | J27: ='SCREENING 2- FULL TEXT EXCLUDED'!K27 -> #N/A | K27: ='IDENTIFICATION - REMOVED'!K27 -> #N/A | O27: x | AD27: ='BASE DE DATOS SCOPUS'!P30 -> 0
A28: ='SCREENING 2- FULL TEXT EXCLUDED'!A28 -> #N/A | B28: ='SCREENING 2- FULL TEXT EXCLUDED'!B28 -> #N/A | C28: ='SCREENING 2- FULL TEXT EXCLUDED'!C28 -> #N/A | D28: ='SCREENING 2- FULL TEXT EXCLUDED'!D28 -> #N/A | E28: ='SCREENING 2- FULL TEXT EXCLUDED'!E28 -> #N/A | F28: ='SCREENING 2- FULL TEXT EXCLUDED'!F28 -> #N/A | G28: ='SCREENING 2- FULL TEXT EXCLUDED'!G28 -> #N/A | H28: ='SCREENING 2- FULL TEXT EXCLUDED'!H28 -> #N/A | I28: ='SCREENING 2- FULL TEXT EXCLUDED'!I28 -> #N/A | J28: ='SCREENING 2- FULL TEXT EXCLUDED'!K28 -> #N/A | K28: ='IDENTIFICATION - REMOVED'!K28 -> #N/A | O28: x | AD28: ='BASE DE DATOS SCOPUS'!P31 -> 0
A29: ='SCREENING 2- FULL TEXT EXCLUDED'!A29 -> #N/A | B29: ='SCREENING 2- FULL TEXT EXCLUDED'!B29 -> #N/A | C29: ='SCREENING 2- FULL TEXT EXCLUDED'!C29 -> #N/A | D29: ='SCREENING 2- FULL TEXT EXCLUDED'!D29 -> #N/A | E29: ='SCREENING 2- FULL TEXT EXCLUDED'!E29 -> #N/A | F29: ='SCREENING 2- FULL TEXT EXCLUDED'!F29 -> #N/A | G29: ='SCREENING 2- FULL TEXT EXCLUDED'!G29 -> #N/A | H29: ='SCREENING 2- FULL TEXT EXCLUDED'!H29 -> #N/A | I29: ='SCREENING 2- FULL TEXT EXCLUDED'!I29 -> #N/A | J29: ='SCREENING 2- FULL TEXT EXCLUDED'!K29 -> #N/A | K29: ='IDENTIFICATION - REMOVED'!K29 -> #N/A | P29: x | AD29: ='BASE DE DATOS SCOPUS'!P32 -> 0
A30: ='SCREENING 2- FULL TEXT EXCLUDED'!A30 -> #N/A | B30: ='SCREENING 2- FULL TEXT EXCLUDED'!B30 -> #N/A | C30: ='SCREENING 2- FULL TEXT EXCLUDED'!C30 -> #N/A | D30: ='SCREENING 2- FULL TEXT EXCLUDED'!D30 -> #N/A | E30: ='SCREENING 2- FULL TEXT EXCLUDED'!E30 -> #N/A | F30: ='SCREENING 2- FULL TEXT EXCLUDED'!F30 -> #N/A | G30: ='SCREENING 2- FULL TEXT EXCLUDED'!G30 -> #N/A | H30: ='SCREENING 2- FULL TEXT EXCLUDED'!H30 -> #N/A | I30: ='SCREENING 2- FULL TEXT EXCLUDED'!I30 -> #N/A | J30: ='SCREENING 2- FULL TEXT EXCLUDED'!K30 -> #N/A | K30: ='IDENTIFICATION - REMOVED'!K30 -> #N/A | P30: x | AD30: ='BASE DE DATOS SCOPUS'!P33 -> 0
A31: ='SCREENING 2- FULL TEXT EXCLUDED'!A31 -> #N/A | B31: ='SCREENING 2- FULL TEXT EXCLUDED'!B31 -> #N/A | C31: ='SCREENING 2- FULL TEXT EXCLUDED'!C31 -> #N/A | D31: ='SCREENING 2- FULL TEXT EXCLUDED'!D31 -> #N/A | E31: ='SCREENING 2- FULL TEXT EXCLUDED'!E31 -> #N/A | F31: ='SCREENING 2- FULL TEXT EXCLUDED'!F31 -> #N/A | G31: ='SCREENING 2- FULL TEXT EXCLUDED'!G31 -> #N/A | H31: ='SCREENING 2- FULL TEXT EXCLUDED'!H31 -> #N/A | I31: ='SCREENING 2- FULL TEXT EXCLUDED'!I31 -> #N/A | J31: ='SCREENING 2- FULL TEXT EXCLUDED'!K31 -> #N/A | K31: ='IDENTIFICATION - REMOVED'!K31 -> #N/A | P31: x
